Workbook

Sheet Riepilogo
A1: Rendicontazione Assistenza Specialistica
A2: Comune di Napoli · Assistenza Specialistica all'integrazione scolastica · Febbraio – Marzo 2026 · COOPERATIVA SOCIALE SIRIO
A4: Generato il 10/10/2026 alle 17:01 con Sirio OCR 1.0.0 · 4 fogli firma
A5: FOGLI FIRMA | C5: ORE RICONOSCIUTE | E5: ORE PROGRAMMATE | H5: GIORNI LAVORATI | K5: ASSENZE ALUNNO | O5: ASSENZE OPERATORE | S5: CAMPI ILLEGGIBILI | V5: ANOMALIE DA ESAMINARE
A6: =SUBTOTAL(103,$B$12:$B$15) -> 4 | C6: =$J$16 -> 208.25 | E6: =$G$16 -> 218 | H6: =$M$16 -> 78 | K6: =$N$16 -> 2 | O6: =$O$16 -> 1 | S6: =$R$16 -> 1 | V6: =$S$16+$T$16 -> 11
A7: =COUNTIF($V$12:$V$15,"Sì")&IF(COUNTIF($V$12:$V$15,"Sì")=1," verificato"," verificati")&" · "&COUNTIF($U$12:$U$15,"Errori")&" con errori" -> 1 verificato · 2 con errori | C7: ore effettive ammesse | E7: da orario programmato | H7: giornate con ore riconosciute | K7: giornate | O7: giornate | S7: ="più "&$Q$16&IF($Q$16=1," lettura incerta"," letture incerte") -> più 4 letture incerte | V7: =$S$16&IF($S$16=1," errore"," errori")&" · "&$T$16&IF($T$16=1," attenzione"," attenzioni") -> 3 errori · 8 attenzioni
A9: Da verificare sugli originali: 1 campo illeggibile e 4 letture incerte. Le celle sono evidenziate in rosso (illeggibile) e in ambra (incerto) nelle schede dei fogli firma e nel Dettaglio giornaliero; l'elenco completo è nel foglio Anomalie.
A11: N. | B11: Operatore | C11: Alunno | D11: Istituto | E11: Mese | F11: Ore PEI sett. | G11: Ore programmate | H11: Ore calcolate | I11: Ore dichiarate | J11: Ore riconosciute | K11: Totale mensile dichiarato | L11: Differenza totale | M11: Giorni lavorati | N11: Assenze alunno | O11: Assenze operatore | P11: Firme mancanti | Q11: Campi incerti | R11: Campi illeggibili | S11: Errori | T11: Attenzioni | U11: Stato | V11: Verificato | W11: File di origine
A12: 1 | B12: DE LUCA GIOVANNA | C12: NERI MATTEO | D12: IC 12 VITTORIO EMANUELE | E12: 46082 | F12: 10 | G12: ='DE LUCA G. 03-2026'!$M$45 -> 44 | H12: ='DE LUCA G. 03-2026'!$N$45 -> 46.25 | I12: ='DE LUCA G. 03-2026'!$H$45 -> 46.25 | J12: ='DE LUCA G. 03-2026'!$O$45 -> 46.25 | K12: =IF(ISBLANK('DE LUCA G. 03-2026'!$H$48),"",'DE LUCA G. 03-2026'!$H$48) -> 46.25 | L12: =IF(ISNUMBER(K12),I12-K12,"") -> 0 | M12: ='DE LUCA G. 03-2026'!$H$55 -> 23 | N12: ='DE LUCA G. 03-2026'!$I$45 -> 0 | O12: ='DE LUCA G. 03-2026'!$J$45 -> 0 | P12: 0 | Q12: 1 | R12: 0 | S12: 0 | T12: 4 | U12: Da verificare | V12: No | W12: de_luca_marzo.pdf
A13: 2 | B13: ESPOSITO ANNA | C13: VERDI SOFIA | D13: IC 47 SARRIA-MONTI | E13: 46054 | F13: 12 | G13: ='ESPOSITO A. 02-2026'!$M$45 -> 48 | H13: ='ESPOSITO A. 02-2026'!$N$45 -> 45 | I13: ='ESPOSITO A. 02-2026'!$H$45 -> 45 | J13: ='ESPOSITO A. 02-2026'!$O$45 -> 45 | K13: =IF(ISBLANK('ESPOSITO A. 02-2026'!$H$48),"",'ESPOSITO A. 02-2026'!$H$48) -> 45 | L13: =IF(ISNUMBER(K13),I13-K13,"") -> 0 | M13: ='ESPOSITO A. 02-2026'!$H$55 -> 15 | N13: ='ESPOSITO A. 02-2026'!$I$45 -> 0 | O13: ='ESPOSITO A. 02-2026'!$J$45 -> 1 | P13: 0 | Q13: 0 | R13: 0 | S13: 0 | T13: 0 | U13: OK | V13: Sì | W13: fogli_firma_febbraio.pdf · pag. 2
A14: 3 | B14: ROSSI MARIO | C14: BIANCHI LUCA | D14: IC 12 VITTORIO EMANUELE | E14: 46054 | F14: 15 | G14: ='ROSSI M. 02-2026'!$M$45 -> 60 | H14: ='ROSSI M. 02-2026'!$N$45 -> 48 | I14: ='ROSSI M. 02-2026'!$H$45 -> 52.5 | J14: ='ROSSI M. 02-2026'!$O$45 -> 52.5 | K14: =IF(ISBLANK('ROSSI M. 02-2026'!$H$48),"",'ROSSI M. 02-2026'!$H$48) -> 52.5 | L14: =IF(ISNUMBER(K14),I14-K14,"") -> 0 | M14: ='ROSSI M. 02-2026'!$H$55 -> 18 | N14: ='ROSSI M. 02-2026'!$I$45 -> 1 | O14: ='ROSSI M. 02-2026'!$J$45 -> 0 | P14: 0 | Q14: 2 | R14: 1 | S14: 1 | T14: 2 | U14: Errori | V14: No | W14: fogli_firma_febbraio.pdf · pag. 1
A15: 4 | B15: ROSSI MARIO | C15: BIANCHI LUCA | D15: IC 12 VITTORIO EMANUELE | E15: 46082 | F15: 15 | G15: ='ROSSI M. 03-2026'!$M$45 -> 66 | H15: ='ROSSI M. 03-2026'!$N$45 -> 62.5 | I15: ='ROSSI M. 03-2026'!$H$45 -> 64.5 | J15: ='ROSSI M. 03-2026'!$O$45 -> 64.5 | K15: =IF(ISBLANK('ROSSI M. 03-2026'!$H$48),"",'ROSSI M. 03-2026'!$H$48) -> 64 | L15: =IF(ISNUMBER(K15),I15-K15,"") -> 0.5 | M15: ='ROSSI M. 03-2026'!$H$55 -> 22 | N15: ='ROSSI M. 03-2026'!$I$45 -> 1 | O15: ='ROSSI M. 03-2026'!$J$45 -> 0 | P15: 1 | Q15: 1 | R15: 0 | S15: 2 | T15: 2 | U15: Errori | V15: No | W15: rossi_marzo.pdf
B16: Totale | C16: =SUBTOTAL(103,$B$12:$B$15)&" fogli firma" -> 4 fogli firma | G16: =SUBTOTAL(109,$G$12:$G$15) -> 218 | H16: =SUBTOTAL(109,$H$12:$H$15) -> 201.75 | I16: =SUBTOTAL(109,$I$12:$I$15) -> 208.25 | J16: =SUBTOTAL(109,$J$12:$J$15) -> 208.25 | K16: =SUBTOTAL(109,$K$12:$K$15) -> 207.75 | L16: =SUBTOTAL(109,$L$12:$L$15) -> 0.5 | M16: =SUBTOTAL(109,$M$12:$M$15) -> 78 | N16: =SUBTOTAL(109,$N$12:$N$15) -> 2 | O16: =SUBTOTAL(109,$O$12:$O$15) -> 1 | P16: =SUBTOTAL(109,$P$12:$P$15) -> 1 | Q16: =SUBTOTAL(109,$Q$12:$Q$15) -> 4 | R16: =SUBTOTAL(109,$R$12:$R$15) -> 1 | S16: =SUBTOTAL(109,$S$12:$S$15) -> 3 | T16: =SUBTOTAL(109,$T$12:$T$15) -> 8
A18: Fare clic sul nome dell'operatore per aprire la scheda del foglio firma. Le colonne in blu sono calcolate con formule; i totali considerano solo le righe visibili quando si usano i filtri.
A19: Stato: «Errori» = almeno un controllo non superato; «Da verificare» = segnalazioni o campi incerti/illeggibili; «OK» = nessun rilievo. Il significato dei colori e le regole di calcolo sono nel foglio «Legenda e note».

Sheet Dettaglio giornaliero
A1: Dettaglio giornaliero
A2: Febbraio – Marzo 2026 · una riga per ogni giornata con dati · ore in formato decimale (1,50 = un'ora e mezza)
A4: Totale delle righe visibili | M4: =SUBTOTAL(109,$M$6:$M$86) -> 218 | N4: =SUBTOTAL(109,$N$6:$N$86) -> 201.75 | O4: =SUBTOTAL(109,$O$6:$O$86) -> 208.25 | P4: =SUBTOTAL(109,$P$6:$P$86) -> 208.25 | V4: =SUBTOTAL(103,$A$6:$A$86)&" giornate visibili" -> 81 giornate visibili
A5: Doc. | B5: Operatore | C5: Alunno | D5: Istituto | E5: Mese | F5: Data | G5: Giorno | H5: Tipo giorno | I5: Entrata progr. | J5: Uscita progr. | K5: Entrata eff. | L5: Uscita eff. | M5: Ore progr. | N5: Ore calcolate | O5: Ore dichiarate | P5: Ore riconosciute | Q5: Differenza | R5: Assenza alunno | S5: Assenza operatore | T5: Firma | U5: Note | V5: Esito | W5: Anomalie del giorno
A6: 1 | B6: DE LUCA GIOVANNA | C6: NERI MATTEO | D6: IC 12 VITTORIO EMANUELE | E6: 46082 | F6: 46083 | G6: lun | H6: Feriale | I6: 0.375 | J6: 0.45833333 | K6: 0.375 | L6: 0.45833333 | M6: =IF(AND(ISNUMBER(I6),ISNUMBER(J6)),IF(J6>I6,(J6-I6)*24,""),"") -> 2 | N6: =IF(AND(ISNUMBER(K6),ISNUMBER(L6)),IF(L6>K6,(L6-K6)*24,""),"") -> 2 | O6: 2 | P6: =IF(S6="Sì",0,IF(ISNUMBER(O6),O6,IF(ISNUMBER(N6),N6,""))) -> 2 | Q6: =IF(AND(ISNUMBER(O6),ISNUMBER(N6)),O6-N6,"") -> 0 | T6: Sì | V6: OK
A7: 1 | B7: DE LUCA GIOVANNA | C7: NERI MATTEO | D7: IC 12 VITTORIO EMANUELE | E7: 46082 | F7: 46084 | G7: mar | H7: Feriale | I7: 0.375 | J7: 0.45833333 | K7: 0.375 | L7: 0.45833333 | M7: =IF(AND(ISNUMBER(I7),ISNUMBER(J7)),IF(J7>I7,(J7-I7)*24,""),"") -> 2 | N7: =IF(AND(ISNUMBER(K7),ISNUMBER(L7)),IF(L7>K7,(L7-K7)*24,""),"") -> 2 | O7: 2 | P7: =IF(S7="Sì",0,IF(ISNUMBER(O7),O7,IF(ISNUMBER(N7),N7,""))) -> 2 | Q7: =IF(AND(ISNUMBER(O7),ISNUMBER(N7)),O7-N7,"") -> 0 | T7: Sì | V7: OK
A8: 1 | B8: DE LUCA GIOVANNA | C8: NERI MATTEO | D8: IC 12 VITTORIO EMANUELE | E8: 46082 | F8: 46085 | G8: mer | H8: Feriale | I8: 0.375 | J8: 0.45833333 | K8: 0.375 | L8: 0.45833333 | M8: =IF(AND(ISNUMBER(I8),ISNUMBER(J8)),IF(J8>I8,(J8-I8)*24,""),"") -> 2 | N8: =IF(AND(ISNUMBER(K8),ISNUMBER(L8)),IF(L8>K8,(L8-K8)*24,""),"") -> 2 | O8: 2 | P8: =IF(S8="Sì",0,IF(ISNUMBER(O8),O8,IF(ISNUMBER(N8),N8,""))) -> 2 | Q8: =IF(AND(ISNUMBER(O8),ISNUMBER(N8)),O8-N8,"") -> 0 | T8: Sì | V8: OK
A9: 1 | B9: DE LUCA GIOVANNA | C9: NERI MATTEO | D9: IC 12 VITTORIO EMANUELE | E9: 46082 | F9: 46086 | G9: gio | H9: Feriale | I9: 0.375 | J9: 0.45833333 | K9: 0.375 | L9: 0.45833333 | M9: =IF(AND(ISNUMBER(I9),ISNUMBER(J9)),IF(J9>I9,(J9-I9)*24,""),"") -> 2 | N9: =IF(AND(ISNUMBER(K9),ISNUMBER(L9)),IF(L9>K9,(L9-K9)*24,""),"") -> 2 | O9: 2 | P9: =IF(S9="Sì",0,IF(ISNUMBER(O9),O9,IF(ISNUMBER(N9),N9,""))) -> 2 | Q9: =IF(AND(ISNUMBER(O9),ISNUMBER(N9)),O9-N9,"") -> 0 | T9: Sì | V9: OK
A10: 1 | B10: DE LUCA GIOVANNA | C10: NERI MATTEO | D10: IC 12 VITTORIO EMANUELE | E10: 46082 | F10: 46087 | G10: ven | H10: Feriale | I10: 0.375 | J10: 0.45833333 | K10: 0.375 | L10: 0.45833333 | M10: =IF(AND(ISNUMBER(I10),ISNUMBER(J10)),IF(J10>I10,(J10-I10)*24,""),"") -> 2 | N10: =IF(AND(ISNUMBER(K10),ISNUMBER(L10)),IF(L10>K10,(L10-K10)*24,""),"") -> 2 | O10: 2 | P10: =IF(S10="Sì",0,IF(ISNUMBER(O10),O10,IF(ISNUMBER(N10),N10,""))) -> 2 | Q10: =IF(AND(ISNUMBER(O10),ISNUMBER(N10)),O10-N10,"") -> 0 | T10: Sì | V10: OK
A11: 1 | B11: DE LUCA GIOVANNA | C11: NERI MATTEO | D11: IC 12 VITTORIO EMANUELE | E11: 46082 | F11: 46090 | G11: lun | H11: Feriale | I11: 0.375 | J11: 0.45833333 | K11: 0.375 | L11: 0.45833333 | M11: =IF(AND(ISNUMBER(I11),ISNUMBER(J11)),IF(J11>I11,(J11-I11)*24,""),"") -> 2 | N11: =IF(AND(ISNUMBER(K11),ISNUMBER(L11)),IF(L11>K11,(L11-K11)*24,""),"") -> 2 | O11: 2 | P11: =IF(S11="Sì",0,IF(ISNUMBER(O11),O11,IF(ISNUMBER(N11),N11,""))) -> 2 | Q11: =IF(AND(ISNUMBER(O11),ISNUMBER(N11)),O11-N11,"") -> 0 | T11: Sì | V11: OK
A12: 1 | B12: DE LUCA GIOVANNA | C12: NERI MATTEO | D12: IC 12 VITTORIO EMANUELE | E12: 46082 | F12: 46091 | G12: mar | H12: Feriale | I12: 0.375 | J12: 0.45833333 | K12: 0.375 | L12: 0.45833333 | M12: =IF(AND(ISNUMBER(I12),ISNUMBER(J12)),IF(J12>I12,(J12-I12)*24,""),"") -> 2 | N12: =IF(AND(ISNUMBER(K12),ISNUMBER(L12)),IF(L12>K12,(L12-K12)*24,""),"") -> 2 | O12: 2 | P12: =IF(S12="Sì",0,IF(ISNUMBER(O12),O12,IF(ISNUMBER(N12),N12,""))) -> 2 | Q12: =IF(AND(ISNUMBER(O12),ISNUMBER(N12)),O12-N12,"") -> 0 | T12: Sì | V12: OK
A13: 1 | B13: DE LUCA GIOVANNA | C13: NERI MATTEO | D13: IC 12 VITTORIO EMANUELE | E13: 46082 | F13: 46092 | G13: mer | H13: Feriale | I13: 0.375 | J13: 0.45833333 | K13: 0.375 | L13: 0.45833333 | M13: =IF(AND(ISNUMBER(I13),ISNUMBER(J13)),IF(J13>I13,(J13-I13)*24,""),"") -> 2 | N13: =IF(AND(ISNUMBER(K13),ISNUMBER(L13)),IF(L13>K13,(L13-K13)*24,""),"") -> 2 | O13: 2 | P13: =IF(S13="Sì",0,IF(ISNUMBER(O13),O13,IF(ISNUMBER(N13),N13,""))) -> 2 | Q13: =IF(AND(ISNUMBER(O13),ISNUMBER(N13)),O13-N13,"") -> 0 | T13: Sì | V13: OK
A14: 1 | B14: DE LUCA GIOVANNA | C14: NERI MATTEO | D14: IC 12 VITTORIO EMANUELE | E14: 46082 | F14: 46093 | G14: gio | H14: Feriale | I14: 0.375 | J14: 0.45833333 | K14: 0.375 | L14: 0.45833333 | M14: =IF(AND(ISNUMBER(I14),ISNUMBER(J14)),IF(J14>I14,(J14-I14)*24,""),"") -> 2 | N14: =IF(AND(ISNUMBER(K14),ISNUMBER(L14)),IF(L14>K14,(L14-K14)*24,""),"") -> 2 | O14: 2 | P14: =IF(S14="Sì",0,IF(ISNUMBER(O14),O14,IF(ISNUMBER(N14),N14,""))) -> 2 | Q14: =IF(AND(ISNUMBER(O14),ISNUMBER(N14)),O14-N14,"") -> 0 | T14: Sì | V14: OK
A15: 1 | B15: DE LUCA GIOVANNA | C15: NERI MATTEO | D15: IC 12 VITTORIO EMANUELE | E15: 46082 | F15: 46094 | G15: ven | H15: Feriale | I15: 0.375 | J15: 0.45833333 | K15: 0.375 | L15: 0.45833333 | M15: =IF(AND(ISNUMBER(I15),ISNUMBER(J15)),IF(J15>I15,(J15-I15)*24,""),"") -> 2 | N15: =IF(AND(ISNUMBER(K15),ISNUMBER(L15)),IF(L15>K15,(L15-K15)*24,""),"") -> 2 | O15: 2 | P15: =IF(S15="Sì",0,IF(ISNUMBER(O15),O15,IF(ISNUMBER(N15),N15,""))) -> 2 | Q15: =IF(AND(ISNUMBER(O15),ISNUMBER(N15)),O15-N15,"") -> 0 | T15: Sì | V15: OK
A16: 1 | B16: DE LUCA GIOVANNA | C16: NERI MATTEO | D16: IC 12 VITTORIO EMANUELE | E16: 46082 | F16: 46095 | G16: sab | H16: Sabato | K16: 0.375 | L16: 0.45833333 | M16: =IF(AND(ISNUMBER(I16),ISNUMBER(J16)),IF(J16>I16,(J16-I16)*24,""),"") | N16: =IF(AND(ISNUMBER(K16),ISNUMBER(L16)),IF(L16>K16,(L16-K16)*24,""),"") -> 2 | O16: 2 | P16: =IF(S16="Sì",0,IF(ISNUMBER(O16),O16,IF(ISNUMBER(N16),N16,""))) -> 2 | Q16: =IF(AND(ISNUMBER(O16),ISNUMBER(N16)),O16-N16,"") -> 0 | T16: Sì | U16: RECUPERO | V16: OK | W16: Prestazione registrata di sabato; verificare che sia prevista dal calendario scolastico. • Orario effettivo 09:00–11:00 senza orario programmato.
A17: 1 | B17: DE LUCA GIOVANNA | C17: NERI MATTEO | D17: IC 12 VITTORIO EMANUELE | E17: 46082 | F17: 46097 | G17: lun | H17: Feriale | I17: 0.375 | J17: 0.45833333 | K17: 0.375 | L17: 0.45833333 | M17: =IF(AND(ISNUMBER(I17),ISNUMBER(J17)),IF(J17>I17,(J17-I17)*24,""),"") -> 2 | N17: =IF(AND(ISNUMBER(K17),ISNUMBER(L17)),IF(L17>K17,(L17-K17)*24,""),"") -> 2 | O17: 2 | P17: =IF(S17="Sì",0,IF(ISNUMBER(O17),O17,IF(ISNUMBER(N17),N17,""))) -> 2 | Q17: =IF(AND(ISNUMBER(O17),ISNUMBER(N17)),O17-N17,"") -> 0 | T17: Sì | V17: OK
A18: 1 | B18: DE LUCA GIOVANNA | C18: NERI MATTEO | D18: IC 12 VITTORIO EMANUELE | E18: 46082 | F18: 46098 | G18: mar | H18: Feriale | I18: 0.375 | J18: 0.45833333 | K18: 0.375 | L18: 0.45833333 | M18: =IF(AND(ISNUMBER(I18),ISNUMBER(J18)),IF(J18>I18,(J18-I18)*24,""),"") -> 2 | N18: =IF(AND(ISNUMBER(K18),ISNUMBER(L18)),IF(L18>K18,(L18-K18)*24,""),"") -> 2 | O18: 2 | P18: =IF(S18="Sì",0,IF(ISNUMBER(O18),O18,IF(ISNUMBER(N18),N18,""))) -> 2 | Q18: =IF(AND(ISNUMBER(O18),ISNUMBER(N18)),O18-N18,"") -> 0 | T18: Sì | V18: OK
A19: 1 | B19: DE LUCA GIOVANNA | C19: NERI MATTEO | D19: IC 12 VITTORIO EMANUELE | E19: 46082 | F19: 46099 | G19: mer | H19: Feriale | I19: 0.375 | J19: 0.45833333 | K19: 0.375 | L19: 0.45833333 | M19: =IF(AND(ISNUMBER(I19),ISNUMBER(J19)),IF(J19>I19,(J19-I19)*24,""),"") -> 2 | N19: =IF(AND(ISNUMBER(K19),ISNUMBER(L19)),IF(L19>K19,(L19-K19)*24,""),"") -> 2 | O19: 2 | P19: =IF(S19="Sì",0,IF(ISNUMBER(O19),O19,IF(ISNUMBER(N19),N19,""))) -> 2 | Q19: =IF(AND(ISNUMBER(O19),ISNUMBER(N19)),O19-N19,"") -> 0 | T19: Sì | V19: OK
A20: 1 | B20: DE LUCA GIOVANNA | C20: NERI MATTEO | D20: IC 12 VITTORIO EMANUELE | E20: 46082 | F20: 46100 | G20: gio | H20: Feriale | I20: 0.375 | J20: 0.45833333 | K20: 0.375 | L20: 0.45833333 | M20: =IF(AND(ISNUMBER(I20),ISNUMBER(J20)),IF(J20>I20,(J20-I20)*24,""),"") -> 2 | N20: =IF(AND(ISNUMBER(K20),ISNUMBER(L20)),IF(L20>K20,(L20-K20)*24,""),"") -> 2 | O20: 2 | P20: =IF(S20="Sì",0,IF(ISNUMBER(O20),O20,IF(ISNUMBER(N20),N20,""))) -> 2 | Q20: =IF(AND(ISNUMBER(O20),ISNUMBER(N20)),O20-N20,"") -> 0 | T20: Sì | V20: OK
A21: 1 | B21: DE LUCA GIOVANNA | C21: NERI MATTEO | D21: IC 12 VITTORIO EMANUELE | E21: 46082 | F21: 46101 | G21: ven | H21: Feriale | I21: 0.375 | J21: 0.45833333 | K21: 0.375 | L21: 0.46875 | M21: =IF(AND(ISNUMBER(I21),ISNUMBER(J21)),IF(J21>I21,(J21-I21)*24,""),"") -> 2 | N21: =IF(AND(ISNUMBER(K21),ISNUMBER(L21)),IF(L21>K21,(L21-K21)*24,""),"") -> 2.25 | O21: 2.25 | P21: =IF(S21="Sì",0,IF(ISNUMBER(O21),O21,IF(ISNUMBER(N21),N21,""))) -> 2.25 | Q21: =IF(AND(ISNUMBER(O21),ISNUMBER(N21)),O21-N21,"") -> 0 | T21: Sì | V21: OK | W21: Orario effettivo 09:00–11:15 diverso dal programmato 09:00–11:00.
A22: 1 | B22: DE LUCA GIOVANNA | C22: NERI MATTEO | D22: IC 12 VITTORIO EMANUELE | E22: 46082 | F22: 46104 | G22: lun | H22: Feriale | I22: 0.375 | J22: 0.45833333 | K22: 0.375 | L22: 0.45833333 | M22: =IF(AND(ISNUMBER(I22),ISNUMBER(J22)),IF(J22>I22,(J22-I22)*24,""),"") -> 2 | N22: =IF(AND(ISNUMBER(K22),ISNUMBER(L22)),IF(L22>K22,(L22-K22)*24,""),"") -> 2 | O22: 2 | P22: =IF(S22="Sì",0,IF(ISNUMBER(O22),O22,IF(ISNUMBER(N22),N22,""))) -> 2 | Q22: =IF(AND(ISNUMBER(O22),ISNUMBER(N22)),O22-N22,"") -> 0 | T22: Sì | V22: OK
A23: 1 | B23: DE LUCA GIOVANNA | C23: NERI MATTEO | D23: IC 12 VITTORIO EMANUELE | E23: 46082 | F23: 46105 | G23: mar | H23: Feriale | I23: 0.375 | J23: 0.45833333 | K23: 0.375 | L23: 0.45833333 | M23: =IF(AND(ISNUMBER(I23),ISNUMBER(J23)),IF(J23>I23,(J23-I23)*24,""),"") -> 2 | N23: =IF(AND(ISNUMBER(K23),ISNUMBER(L23)),IF(L23>K23,(L23-K23)*24,""),"") -> 2 | O23: 2 | P23: =IF(S23="Sì",0,IF(ISNUMBER(O23),O23,IF(ISNUMBER(N23),N23,""))) -> 2 | Q23: =IF(AND(ISNUMBER(O23),ISNUMBER(N23)),O23-N23,"") -> 0 | T23: Sì | V23: OK
A24: 1 | B24: DE LUCA GIOVANNA | C24: NERI MATTEO | D24: IC 12 VITTORIO EMANUELE | E24: 46082 | F24: 46106 | G24: mer | H24: Feriale | I24: 0.375 | J24: 0.45833333 | K24: 0.375 | L24: 0.45833333 | M24: =IF(AND(ISNUMBER(I24),ISNUMBER(J24)),IF(J24>I24,(J24-I24)*24,""),"") -> 2 | N24: =IF(AND(ISNUMBER(K24),ISNUMBER(L24)),IF(L24>K24,(L24-K24)*24,""),"") -> 2 | O24: 2 | P24: =IF(S24="Sì",0,IF(ISNUMBER(O24),O24,IF(ISNUMBER(N24),N24,""))) -> 2 | Q24: =IF(AND(ISNUMBER(O24),ISNUMBER(N24)),O24-N24,"") -> 0 | T24: Sì | V24: OK
A25: 1 | B25: DE LUCA GIOVANNA | C25: NERI MATTEO | D25: IC 12 VITTORIO EMANUELE | E25: 46082 | F25: 46107 | G25: gio | H25: Feriale | I25: 0.375 | J25: 0.45833333 | K25: 0.375 | L25: 0.45833333 | M25: =IF(AND(ISNUMBER(I25),ISNUMBER(J25)),IF(J25>I25,(J25-I25)*24,""),"") -> 2 | N25: =IF(AND(ISNUMBER(K25),ISNUMBER(L25)),IF(L25>K25,(L25-K25)*24,""),"") -> 2 | O25: 2 | P25: =IF(S25="Sì",0,IF(ISNUMBER(O25),O25,IF(ISNUMBER(N25),N25,""))) -> 2 | Q25: =IF(AND(ISNUMBER(O25),ISNUMBER(N25)),O25-N25,"") -> 0 | T25: Sì | V25: OK
A26: 1 | B26: DE LUCA GIOVANNA | C26: NERI MATTEO | D26: IC 12 VITTORIO EMANUELE | E26: 46082 | F26: 46108 | G26: ven | H26: Feriale | I26: 0.375 | J26: 0.45833333 | K26: 0.375 | L26: 0.45833333 | M26: =IF(AND(ISNUMBER(I26),ISNUMBER(J26)),IF(J26>I26,(J26-I26)*24,""),"") -> 2 | N26: =IF(AND(ISNUMBER(K26),ISNUMBER(L26)),IF(L26>K26,(L26-K26)*24,""),"") -> 2 | O26: 2 | P26: =IF(S26="Sì",0,IF(ISNUMBER(O26),O26,IF(ISNUMBER(N26),N26,""))) -> 2 | Q26: =IF(AND(ISNUMBER(O26),ISNUMBER(N26)),O26-N26,"") -> 0 | T26: Sì | V26: OK
A27: 1 | B27: DE LUCA GIOVANNA | C27: NERI MATTEO | D27: IC 12 VITTORIO EMANUELE | E27: 46082 | F27: 46111 | G27: lun | H27: Feriale | I27: 0.375 | J27: 0.45833333 | K27: 0.375 | L27: 0.45833333 | M27: =IF(AND(ISNUMBER(I27),ISNUMBER(J27)),IF(J27>I27,(J27-I27)*24,""),"") -> 2 | N27: =IF(AND(ISNUMBER(K27),ISNUMBER(L27)),IF(L27>K27,(L27-K27)*24,""),"") -> 2 | O27: 2 | P27: =IF(S27="Sì",0,IF(ISNUMBER(O27),O27,IF(ISNUMBER(N27),N27,""))) -> 2 | Q27: =IF(AND(ISNUMBER(O27),ISNUMBER(N27)),O27-N27,"") -> 0 | T27: Sì | V27: OK
A28: 1 | B28: DE LUCA GIOVANNA | C28: NERI MATTEO | D28: IC 12 VITTORIO EMANUELE | E28: 46082 | F28: 46112 | G28: mar | H28: Feriale | I28: 0.375 | J28: 0.45833333 | K28: 0.375 | L28: 0.45833333 | M28: =IF(AND(ISNUMBER(I28),ISNUMBER(J28)),IF(J28>I28,(J28-I28)*24,""),"") -> 2 | N28: =IF(AND(ISNUMBER(K28),ISNUMBER(L28)),IF(L28>K28,(L28-K28)*24,""),"") -> 2 | O28: 2 | P28: =IF(S28="Sì",0,IF(ISNUMBER(O28),O28,IF(ISNUMBER(N28),N28,""))) -> 2 | Q28: =IF(AND(ISNUMBER(O28),ISNUMBER(N28)),O28-N28,"") -> 0 | T28: Sì | V28: OK
A29: 2 | B29: ESPOSITO ANNA | C29: VERDI SOFIA | D29: IC 47 SARRIA-MONTI | E29: 46054 | F29: 46055 | G29: lun | H29: Feriale | I29: 0.45833333 | J29: 0.58333333 | K29: 0.45833333 | L29: 0.58333333 | M29: =IF(AND(ISNUMBER(I29),ISNUMBER(J29)),IF(J29>I29,(J29-I29)*24,""),"") -> 3 | N29: =IF(AND(ISNUMBER(K29),ISNUMBER(L29)),IF(L29>K29,(L29-K29)*24,""),"") -> 3 | O29: 3 | P29: =IF(S29="Sì",0,IF(ISNUMBER(O29),O29,IF(ISNUMBER(N29),N29,""))) -> 3 | Q29: =IF(AND(ISNUMBER(O29),ISNUMBER(N29)),O29-N29,"") -> 0 | T29: Sì | V29: OK
A30: 2 | B30: ESPOSITO ANNA | C30: VERDI SOFIA | D30: IC 47 SARRIA-MONTI | E30: 46054 | F30: 46056 | G30: mar | H30: Feriale | I30: 0.45833333 | J30: 0.58333333 | K30: 0.45833333 | L30: 0.58333333 | M30: =IF(AND(ISNUMBER(I30),ISNUMBER(J30)),IF(J30>I30,(J30-I30)*24,""),"") -> 3 | N30: =IF(AND(ISNUMBER(K30),ISNUMBER(L30)),IF(L30>K30,(L30-K30)*24,""),"") -> 3 | O30: 3 | P30: =IF(S30="Sì",0,IF(ISNUMBER(O30),O30,IF(ISNUMBER(N30),N30,""))) -> 3 | Q30: =IF(AND(ISNUMBER(O30),ISNUMBER(N30)),O30-N30,"") -> 0 | T30: Sì | V30: OK
A31: 2 | B31: ESPOSITO ANNA | C31: VERDI SOFIA | D31: IC 47 SARRIA-MONTI | E31: 46054 | F31: 46058 | G31: gio | H31: Feriale | I31: 0.45833333 | J31: 0.58333333 | K31: 0.45833333 | L31: 0.58333333 | M31: =IF(AND(ISNUMBER(I31),ISNUMBER(J31)),IF(J31>I31,(J31-I31)*24,""),"") -> 3 | N31: =IF(AND(ISNUMBER(K31),ISNUMBER(L31)),IF(L31>K31,(L31-K31)*24,""),"") -> 3 | O31: 3 | P31: =IF(S31="Sì",0,IF(ISNUMBER(O31),O31,IF(ISNUMBER(N31),N31,""))) -> 3 | Q31: =IF(AND(ISNUMBER(O31),ISNUMBER(N31)),O31-N31,"") -> 0 | T31: Sì | V31: OK
A32: 2 | B32: ESPOSITO ANNA | C32: VERDI SOFIA | D32: IC 47 SARRIA-MONTI | E32: 46054 | F32: 46059 | G32: ven | H32: Feriale | I32: 0.45833333 | J32: 0.58333333 | K32: 0.45833333 | L32: 0.58333333 | M32: =IF(AND(ISNUMBER(I32),ISNUMBER(J32)),IF(J32>I32,(J32-I32)*24,""),"") -> 3 | N32: =IF(AND(ISNUMBER(K32),ISNUMBER(L32)),IF(L32>K32,(L32-K32)*24,""),"") -> 3 | O32: 3 | P32: =IF(S32="Sì",0,IF(ISNUMBER(O32),O32,IF(ISNUMBER(N32),N32,""))) -> 3 | Q32: =IF(AND(ISNUMBER(O32),ISNUMBER(N32)),O32-N32,"") -> 0 | T32: Sì | V32: OK
A33: 2 | B33: ESPOSITO ANNA | C33: VERDI SOFIA | D33: IC 47 SARRIA-MONTI | E33: 46054 | F33: 46062 | G33: lun | H33: Feriale | I33: 0.45833333 | J33: 0.58333333 | K33: 0.45833333 | L33: 0.58333333 | M33: =IF(AND(ISNUMBER(I33),ISNUMBER(J33)),IF(J33>I33,(J33-I33)*24,""),"") -> 3 | N33: =IF(AND(ISNUMBER(K33),ISNUMBER(L33)),IF(L33>K33,(L33-K33)*24,""),"") -> 3 | O33: 3 | P33: =IF(S33="Sì",0,IF(ISNUMBER(O33),O33,IF(ISNUMBER(N33),N33,""))) -> 3 | Q33: =IF(AND(ISNUMBER(O33),ISNUMBER(N33)),O33-N33,"") -> 0 | T33: Sì | V33: OK
A34: 2 | B34: ESPOSITO ANNA | C34: VERDI SOFIA | D34: IC 47 SARRIA-MONTI | E34: 46054 | F34: 46063 | G34: mar | H34: Feriale | I34: 0.45833333 | J34: 0.58333333 | M34: =IF(AND(ISNUMBER(I34),ISNUMBER(J34)),IF(J34>I34,(J34-I34)*24,""),"") -> 3 | N34: =IF(AND(ISNUMBER(K34),ISNUMBER(L34)),IF(L34>K34,(L34-K34)*24,""),"") | P34: =IF(S34="Sì",0,IF(ISNUMBER(O34),O34,IF(ISNUMBER(N34),N34,""))) -> 0 | Q34: =IF(AND(ISNUMBER(O34),ISNUMBER(N34)),O34-N34,"") | S34: Sì | U34: 104 | V34: Assenza operatore | W34: Assenza dell'operatore – nota «104» (permesso Legge 104/1992); 3 ore programmate non svolte.
A35: 2 | B35: ESPOSITO ANNA | C35: VERDI SOFIA | D35: IC 47 SARRIA-MONTI | E35: 46054 | F35: 46065 | G35: gio | H35: Feriale | I35: 0.45833333 | J35: 0.58333333 | K35: 0.45833333 | L35: 0.58333333 | M35: =IF(AND(ISNUMBER(I35),ISNUMBER(J35)),IF(J35>I35,(J35-I35)*24,""),"") -> 3 | N35: =IF(AND(ISNUMBER(K35),ISNUMBER(L35)),IF(L35>K35,(L35-K35)*24,""),"") -> 3 | O35: 3 | P35: =IF(S35="Sì",0,IF(ISNUMBER(O35),O35,IF(ISNUMBER(N35),N35,""))) -> 3 | Q35: =IF(AND(ISNUMBER(O35),ISNUMBER(N35)),O35-N35,"") -> 0 | T35: Sì | V35: OK
A36: 2 | B36: ESPOSITO ANNA | C36: VERDI SOFIA | D36: IC 47 SARRIA-MONTI | E36: 46054 | F36: 46066 | G36: ven | H36: Feriale | I36: 0.45833333 | J36: 0.58333333 | K36: 0.45833333 | L36: 0.58333333 | M36: =IF(AND(ISNUMBER(I36),ISNUMBER(J36)),IF(J36>I36,(J36-I36)*24,""),"") -> 3 | N36: =IF(AND(ISNUMBER(K36),ISNUMBER(L36)),IF(L36>K36,(L36-K36)*24,""),"") -> 3 | O36: 3 | P36: =IF(S36="Sì",0,IF(ISNUMBER(O36),O36,IF(ISNUMBER(N36),N36,""))) -> 3 | Q36: =IF(AND(ISNUMBER(O36),ISNUMBER(N36)),O36-N36,"") -> 0 | T36: Sì | V36: OK
A37: 2 | B37: ESPOSITO ANNA | C37: VERDI SOFIA | D37: IC 47 SARRIA-MONTI | E37: 46054 | F37: 46069 | G37: lun | H37: Feriale | I37: 0.45833333 | J37: 0.58333333 | K37: 0.45833333 | L37: 0.58333333 | M37: =IF(AND(ISNUMBER(I37),ISNUMBER(J37)),IF(J37>I37,(J37-I37)*24,""),"") -> 3 | N37: =IF(AND(ISNUMBER(K37),ISNUMBER(L37)),IF(L37>K37,(L37-K37)*24,""),"") -> 3 | O37: 3 | P37: =IF(S37="Sì",0,IF(ISNUMBER(O37),O37,IF(ISNUMBER(N37),N37,""))) -> 3 | Q37: =IF(AND(ISNUMBER(O37),ISNUMBER(N37)),O37-N37,"") -> 0 | T37: Sì | V37: OK
A38: 2 | B38: ESPOSITO ANNA | C38: VERDI SOFIA | D38: IC 47 SARRIA-MONTI | E38: 46054 | F38: 46070 | G38: mar | H38: Feriale | I38: 0.45833333 | J38: 0.58333333 | K38: 0.45833333 | L38: 0.58333333 | M38: =IF(AND(ISNUMBER(I38),ISNUMBER(J38)),IF(J38>I38,(J38-I38)*24,""),"") -> 3 | N38: =IF(AND(ISNUMBER(K38),ISNUMBER(L38)),IF(L38>K38,(L38-K38)*24,""),"") -> 3 | O38: 3 | P38: =IF(S38="Sì",0,IF(ISNUMBER(O38),O38,IF(ISNUMBER(N38),N38,""))) -> 3 | Q38: =IF(AND(ISNUMBER(O38),ISNUMBER(N38)),O38-N38,"") -> 0 | T38: Sì | V38: OK
A39: 2 | B39: ESPOSITO ANNA | C39: VERDI SOFIA | D39: IC 47 SARRIA-MONTI | E39: 46054 | F39: 46072 | G39: gio | H39: Feriale | I39: 0.45833333 | J39: 0.58333333 | K39: 0.45833333 | L39: 0.58333333 | M39: =IF(AND(ISNUMBER(I39),ISNUMBER(J39)),IF(J39>I39,(J39-I39)*24,""),"") -> 3 | N39: =IF(AND(ISNUMBER(K39),ISNUMBER(L39)),IF(L39>K39,(L39-K39)*24,""),"") -> 3 | O39: 3 | P39: =IF(S39="Sì",0,IF(ISNUMBER(O39),O39,IF(ISNUMBER(N39),N39,""))) -> 3 | Q39: =IF(AND(ISNUMBER(O39),ISNUMBER(N39)),O39-N39,"") -> 0 | T39: Sì | V39: OK
A40: 2 | B40: ESPOSITO ANNA | C40: VERDI SOFIA | D40: IC 47 SARRIA-MONTI | E40: 46054 | F40: 46073 | G40: ven | H40: Feriale | I40: 0.45833333 | J40: 0.58333333 | K40: 0.45833333 | L40: 0.58333333 | M40: =IF(AND(ISNUMBER(I40),ISNUMBER(J40)),IF(J40>I40,(J40-I40)*24,""),"") -> 3 | N40: =IF(AND(ISNUMBER(K40),ISNUMBER(L40)),IF(L40>K40,(L40-K40)*24,""),"") -> 3 | O40: 3 | P40: =IF(S40="Sì",0,IF(ISNUMBER(O40),O40,IF(ISNUMBER(N40),N40,""))) -> 3 | Q40: =IF(AND(ISNUMBER(O40),ISNUMBER(N40)),O40-N40,"") -> 0 | T40: Sì | V40: OK
A41: 2 | B41: ESPOSITO ANNA | C41: VERDI SOFIA | D41: IC 47 SARRIA-MONTI | E41: 46054 | F41: 46076 | G41: lun | H41: Feriale | I41: 0.45833333 | J41: 0.58333333 | K41: 0.45833333 | L41: 0.58333333 | M41: =IF(AND(ISNUMBER(I41),ISNUMBER(J41)),IF(J41>I41,(J41-I41)*24,""),"") -> 3 | N41: =IF(AND(ISNUMBER(K41),ISNUMBER(L41)),IF(L41>K41,(L41-K41)*24,""),"") -> 3 | O41: 3 | P41: =IF(S41="Sì",0,IF(ISNUMBER(O41),O41,IF(ISNUMBER(N41),N41,""))) -> 3 | Q41: =IF(AND(ISNUMBER(O41),ISNUMBER(N41)),O41-N41,"") -> 0 | T41: Sì | V41: OK
A42: 2 | B42: ESPOSITO ANNA | C42: VERDI SOFIA | D42: IC 47 SARRIA-MONTI | E42: 46054 | F42: 46077 | G42: mar | H42: Feriale | I42: 0.45833333 | J42: 0.58333333 | K42: 0.45833333 | L42: 0.58333333 | M42: =IF(AND(ISNUMBER(I42),ISNUMBER(J42)),IF(J42>I42,(J42-I42)*24,""),"") -> 3 | N42: =IF(AND(ISNUMBER(K42),ISNUMBER(L42)),IF(L42>K42,(L42-K42)*24,""),"") -> 3 | O42: 3 | P42: =IF(S42="Sì",0,IF(ISNUMBER(O42),O42,IF(ISNUMBER(N42),N42,""))) -> 3 | Q42: =IF(AND(ISNUMBER(O42),ISNUMBER(N42)),O42-N42,"") -> 0 | T42: Sì | V42: OK
A43: 2 | B43: ESPOSITO ANNA | C43: VERDI SOFIA | D43: IC 47 SARRIA-MONTI | E43: 46054 | F43: 46079 | G43: gio | H43: Feriale | I43: 0.45833333 | J43: 0.58333333 | K43: 0.45833333 | L43: 0.58333333 | M43: =IF(AND(ISNUMBER(I43),ISNUMBER(J43)),IF(J43>I43,(J43-I43)*24,""),"") -> 3 | N43: =IF(AND(ISNUMBER(K43),ISNUMBER(L43)),IF(L43>K43,(L43-K43)*24,""),"") -> 3 | O43: 3 | P43: =IF(S43="Sì",0,IF(ISNUMBER(O43),O43,IF(ISNUMBER(N43),N43,""))) -> 3 | Q43: =IF(AND(ISNUMBER(O43),ISNUMBER(N43)),O43-N43,"") -> 0 | T43: Sì | V43: OK
A44: 2 | B44: ESPOSITO ANNA | C44: VERDI SOFIA | D44: IC 47 SARRIA-MONTI | E44: 46054 | F44: 46080 | G44: ven | H44: Feriale | I44: 0.45833333 | J44: 0.58333333 | K44: 0.45833333 | L44: 0.58333333 | M44: =IF(AND(ISNUMBER(I44),ISNUMBER(J44)),IF(J44>I44,(J44-I44)*24,""),"") -> 3 | N44: =IF(AND(ISNUMBER(K44),ISNUMBER(L44)),IF(L44>K44,(L44-K44)*24,""),"") -> 3 | O44: 3 | P44: =IF(S44="Sì",0,IF(ISNUMBER(O44),O44,IF(ISNUMBER(N44),N44,""))) -> 3 | Q44: =IF(AND(ISNUMBER(O44),ISNUMBER(N44)),O44-N44,"") -> 0 | T44: Sì | V44: OK
A45: 3 | B45: ROSSI MARIO | C45: BIANCHI LUCA | D45: IC 12 VITTORIO EMANUELE | E45: 46054 | F45: 46055 | G45: lun | H45: Feriale | I45: 0.33333333 | J45: 0.45833333 | K45: 0.33333333 | L45: 0.45833333 | M45: =IF(AND(ISNUMBER(I45),ISNUMBER(J45)),IF(J45>I45,(J45-I45)*24,""),"") -> 3 | N45: =IF(AND(ISNUMBER(K45),ISNUMBER(L45)),IF(L45>K45,(L45-K45)*24,""),"") -> 3 | O45: 3 | P45: =IF(S45="Sì",0,IF(ISNUMBER(O45),O45,IF(ISNUMBER(N45),N45,""))) -> 3 | Q45: =IF(AND(ISNUMBER(O45),ISNUMBER(N45)),O45-N45,"") -> 0 | T45: Sì | V45: OK
A46: 3 | B46: ROSSI MARIO | C46: BIANCHI LUCA | D46: IC 12 VITTORIO EMANUELE | E46: 46054 | F46: 46056 | G46: mar | H46: Feriale | I46: 0.33333333 | J46: 0.45833333 | K46: 0.33333333 | L46: 0.45833333 | M46: =IF(AND(ISNUMBER(I46),ISNUMBER(J46)),IF(J46>I46,(J46-I46)*24,""),"") -> 3 | N46: =IF(AND(ISNUMBER(K46),ISNUMBER(L46)),IF(L46>K46,(L46-K46)*24,""),"") -> 3 | O46: 3 | P46: =IF(S46="Sì",0,IF(ISNUMBER(O46),O46,IF(ISNUMBER(N46),N46,""))) -> 3 | Q46: =IF(AND(ISNUMBER(O46),ISNUMBER(N46)),O46-N46,"") -> 0 | T46: Sì | V46: OK
A47: 3 | B47: ROSSI MARIO | C47: BIANCHI LUCA | D47: IC 12 VITTORIO EMANUELE | E47: 46054 | F47: 46057 | G47: mer | H47: Feriale | I47: 0.33333333 | J47: 0.45833333 | K47: – | L47: – | M47: =IF(AND(ISNUMBER(I47),ISNUMBER(J47)),IF(J47>I47,(J47-I47)*24,""),"") -> 3 | N47: =IF(AND(ISNUMBER(K47),ISNUMBER(L47)),IF(L47>K47,(L47-K47)*24,""),"") | O47: 1.5 | P47: =IF(S47="Sì",0,IF(ISNUMBER(O47),O47,IF(ISNUMBER(N47),N47,""))) -> 1.5 | Q47: =IF(AND(ISNUMBER(O47),ISNUMBER(N47)),O47-N47,"") | R47: Sì | T47: Sì | V47: Assenza alunno | W47: Assenza dell'alunno; riconosciute 1,5 ore su 3 programmate (50%).
A48: 3 | B48: ROSSI MARIO | C48: BIANCHI LUCA | D48: IC 12 VITTORIO EMANUELE | E48: 46054 | F48: 46058 | G48: gio | H48: Feriale | I48: 0.33333333 | J48: 0.45833333 | K48: 0.33333333 | L48: 0.45833333 | M48: =IF(AND(ISNUMBER(I48),ISNUMBER(J48)),IF(J48>I48,(J48-I48)*24,""),"") -> 3 | N48: =IF(AND(ISNUMBER(K48),ISNUMBER(L48)),IF(L48>K48,(L48-K48)*24,""),"") -> 3 | O48: 3 | P48: =IF(S48="Sì",0,IF(ISNUMBER(O48),O48,IF(ISNUMBER(N48),N48,""))) -> 3 | Q48: =IF(AND(ISNUMBER(O48),ISNUMBER(N48)),O48-N48,"") -> 0 | T48: Sì | V48: OK
A49: 3 | B49: ROSSI MARIO | C49: BIANCHI LUCA | D49: IC 12 VITTORIO EMANUELE | E49: 46054 | F49: 46059 | G49: ven | H49: Feriale | I49: 0.33333333 | J49: 0.45833333 | K49: 0.33333333 | L49: 0.45833333 | M49: =IF(AND(ISNUMBER(I49),ISNUMBER(J49)),IF(J49>I49,(J49-I49)*24,""),"") -> 3 | N49: =IF(AND(ISNUMBER(K49),ISNUMBER(L49)),IF(L49>K49,(L49-K49)*24,""),"") -> 3 | O49: 3 | P49: =IF(S49="Sì",0,IF(ISNUMBER(O49),O49,IF(ISNUMBER(N49),N49,""))) -> 3 | Q49: =IF(AND(ISNUMBER(O49),ISNUMBER(N49)),O49-N49,"") -> 0 | T49: Sì | V49: OK
A50: 3 | B50: ROSSI MARIO | C50: BIANCHI LUCA | D50: IC 12 VITTORIO EMANUELE | E50: 46054 | F50: 46062 | G50: lun | H50: Feriale | I50: 0.33333333 | J50: 0.45833333 | K50: 0.33333333 | L50: 0.45833333 | M50: =IF(AND(ISNUMBER(I50),ISNUMBER(J50)),IF(J50>I50,(J50-I50)*24,""),"") -> 3 | N50: =IF(AND(ISNUMBER(K50),ISNUMBER(L50)),IF(L50>K50,(L50-K50)*24,""),"") -> 3 | O50: 3 | P50: =IF(S50="Sì",0,IF(ISNUMBER(O50),O50,IF(ISNUMBER(N50),N50,""))) -> 3 | Q50: =IF(AND(ISNUMBER(O50),ISNUMBER(N50)),O50-N50,"") -> 0 | T50: Sì | V50: OK
A51: 3 | B51: ROSSI MARIO | C51: BIANCHI LUCA | D51: IC 12 VITTORIO EMANUELE | E51: 46054 | F51: 46063 | G51: mar | H51: Feriale | I51: 0.33333333 | J51: 0.45833333 | K51: 0.33333333 | L51: 0.45833333 | M51: =IF(AND(ISNUMBER(I51),ISNUMBER(J51)),IF(J51>I51,(J51-I51)*24,""),"") -> 3 | N51: =IF(AND(ISNUMBER(K51),ISNUMBER(L51)),IF(L51>K51,(L51-K51)*24,""),"") -> 3 | O51: 3 | P51: =IF(S51="Sì",0,IF(ISNUMBER(O51),O51,IF(ISNUMBER(N51),N51,""))) -> 3 | Q51: =IF(AND(ISNUMBER(O51),ISNUMBER(N51)),O51-N51,"") -> 0 | T51: Sì | V51: OK
A52: 3 | B52: ROSSI MARIO | C52: BIANCHI LUCA | D52: IC 12 VITTORIO EMANUELE | E52: 46054 | F52: 46064 | G52: mer | H52: Feriale | I52: 0.33333333 | J52: 0.45833333 | K52: 0.33333333 | L52: 0.45833333 | M52: =IF(AND(ISNUMBER(I52),ISNUMBER(J52)),IF(J52>I52,(J52-I52)*24,""),"") -> 3 | N52: =IF(AND(ISNUMBER(K52),ISNUMBER(L52)),IF(L52>K52,(L52-K52)*24,""),"") -> 3 | O52: 3 | P52: =IF(S52="Sì",0,IF(ISNUMBER(O52),O52,IF(ISNUMBER(N52),N52,""))) -> 3 | Q52: =IF(AND(ISNUMBER(O52),ISNUMBER(N52)),O52-N52,"") -> 0 | T52: Sì | V52: OK
A53: 3 | B53: ROSSI MARIO | C53: BIANCHI LUCA | D53: IC 12 VITTORIO EMANUELE | E53: 46054 | F53: 46065 | G53: gio | H53: Feriale | I53: 0.33333333 | J53: 0.45833333 | K53: 0.33333333 | L53: ILLEGGIBILE | M53: =IF(AND(ISNUMBER(I53),ISNUMBER(J53)),IF(J53>I53,(J53-I53)*24,""),"") -> 3 | N53: =IF(AND(ISNUMBER(K53),ISNUMBER(L53)),IF(L53>K53,(L53-K53)*24,""),"") | O53: 3 | P53: =IF(S53="Sì",0,IF(ISNUMBER(O53),O53,IF(ISNUMBER(N53),N53,""))) -> 3 | Q53: =IF(AND(ISNUMBER(O53),ISNUMBER(N53)),O53-N53,"") | T53: Sì | V53: Errore – illeggibile: uscita effettiva | W53: Campo «Uscita effettiva» illeggibile: da leggere sulla scansione e inserire a mano.
A54: 3 | B54: ROSSI MARIO | C54: BIANCHI LUCA | D54: IC 12 VITTORIO EMANUELE | E54: 46054 | F54: 46066 | G54: ven | H54: Feriale | I54: 0.33333333 | J54: 0.45833333 | K54: 0.33333333 | L54: 0.45833333 | M54: =IF(AND(ISNUMBER(I54),ISNUMBER(J54)),IF(J54>I54,(J54-I54)*24,""),"") -> 3 | N54: =IF(AND(ISNUMBER(K54),ISNUMBER(L54)),IF(L54>K54,(L54-K54)*24,""),"") -> 3 | O54: 3 | P54: =IF(S54="Sì",0,IF(ISNUMBER(O54),O54,IF(ISNUMBER(N54),N54,""))) -> 3 | Q54: =IF(AND(ISNUMBER(O54),ISNUMBER(N54)),O54-N54,"") -> 0 | T54: Sì | V54: OK
A55: 3 | B55: ROSSI MARIO | C55: BIANCHI LUCA | D55: IC 12 VITTORIO EMANUELE | E55: 46054 | F55: 46069 | G55: lun | H55: Feriale | I55: 0.33333333 | J55: 0.45833333 | K55: – | L55: – | M55: =IF(AND(ISNUMBER(I55),ISNUMBER(J55)),IF(J55>I55,(J55-I55)*24,""),"") -> 3 | N55: =IF(AND(ISNUMBER(K55),ISNUMBER(L55)),IF(L55>K55,(L55-K55)*24,""),"") | P55: =IF(S55="Sì",0,IF(ISNUMBER(O55),O55,IF(ISNUMBER(N55),N55,""))) | Q55: =IF(AND(ISNUMBER(O55),ISNUMBER(N55)),O55-N55,"") | U55: PONTE DI CARNEVALE | V55: Non svolto | W55: Prestazione programmata non svolta (orario programmato 08:00–11:00) – nota «PONTE DI CARNEVALE».
A56: 3 | B56: ROSSI MARIO | C56: BIANCHI LUCA | D56: IC 12 VITTORIO EMANUELE | E56: 46054 | F56: 46070 | G56: mar | H56: Feriale | I56: 0.33333333 | J56: 0.45833333 | K56: – | L56: – | M56: =IF(AND(ISNUMBER(I56),ISNUMBER(J56)),IF(J56>I56,(J56-I56)*24,""),"") -> 3 | N56: =IF(AND(ISNUMBER(K56),ISNUMBER(L56)),IF(L56>K56,(L56-K56)*24,""),"") | P56: =IF(S56="Sì",0,IF(ISNUMBER(O56),O56,IF(ISNUMBER(N56),N56,""))) | Q56: =IF(AND(ISNUMBER(O56),ISNUMBER(N56)),O56-N56,"") | U56: PONTE DI CARNEVALE | V56: Non svolto | W56: Prestazione programmata non svolta (orario programmato 08:00–11:00) – nota «PONTE DI CARNEVALE».
A57: 3 | B57: ROSSI MARIO | C57: BIANCHI LUCA | D57: IC 12 VITTORIO EMANUELE | E57: 46054 | F57: 46071 | G57: mer | H57: Feriale | I57: 0.33333333 | J57: 0.45833333 | K57: 0.33333333 | L57: 0.45833333 | M57: =IF(AND(ISNUMBER(I57),ISNUMBER(J57)),IF(J57>I57,(J57-I57)*24,""),"") -> 3 | N57: =IF(AND(ISNUMBER(K57),ISNUMBER(L57)),IF(L57>K57,(L57-K57)*24,""),"") -> 3 | O57: 3 | P57: =IF(S57="Sì",0,IF(ISNUMBER(O57),O57,IF(ISNUMBER(N57),N57,""))) -> 3 | Q57: =IF(AND(ISNUMBER(O57),ISNUMBER(N57)),O57-N57,"") -> 0 | T57: Sì | V57: Da verificare – lettura incerta: tot. ore effettive | W57: Lettura incerta del campo «Tot. ore effettive» (valore letto: 3); verificare sulla scansione.
A58: 3 | B58: ROSSI MARIO | C58: BIANCHI LUCA | D58: IC 12 VITTORIO EMANUELE | E58: 46054 | F58: 46072 | G58: gio | H58: Feriale | I58: 0.33333333 | J58: 0.45833333 | K58: 0.33333333 | L58: 0.45833333 | M58: =IF(AND(ISNUMBER(I58),ISNUMBER(J58)),IF(J58>I58,(J58-I58)*24,""),"") -> 3 | N58: =IF(AND(ISNUMBER(K58),ISNUMBER(L58)),IF(L58>K58,(L58-K58)*24,""),"") -> 3 | O58: 3 | P58: =IF(S58="Sì",0,IF(ISNUMBER(O58),O58,IF(ISNUMBER(N58),N58,""))) -> 3 | Q58: =IF(AND(ISNUMBER(O58),ISNUMBER(N58)),O58-N58,"") -> 0 | T58: Sì | V58: OK
A59: 3 | B59: ROSSI MARIO | C59: BIANCHI LUCA | D59: IC 12 VITTORIO EMANUELE | E59: 46054 | F59: 46073 | G59: ven | H59: Feriale | I59: 0.33333333 | J59: 0.45833333 | K59: 0.33333333 | L59: 0.45833333 | M59: =IF(AND(ISNUMBER(I59),ISNUMBER(J59)),IF(J59>I59,(J59-I59)*24,""),"") -> 3 | N59: =IF(AND(ISNUMBER(K59),ISNUMBER(L59)),IF(L59>K59,(L59-K59)*24,""),"") -> 3 | O59: 3 | P59: =IF(S59="Sì",0,IF(ISNUMBER(O59),O59,IF(ISNUMBER(N59),N59,""))) -> 3 | Q59: =IF(AND(ISNUMBER(O59),ISNUMBER(N59)),O59-N59,"") -> 0 | T59: Sì | V59: OK
A60: 3 | B60: ROSSI MARIO | C60: BIANCHI LUCA | D60: IC 12 VITTORIO EMANUELE | E60: 46054 | F60: 46076 | G60: lun | H60: Feriale | I60: 0.33333333 | J60: 0.45833333 | K60: 0.33333333 | L60: 0.45833333 | M60: =IF(AND(ISNUMBER(I60),ISNUMBER(J60)),IF(J60>I60,(J60-I60)*24,""),"") -> 3 | N60: =IF(AND(ISNUMBER(K60),ISNUMBER(L60)),IF(L60>K60,(L60-K60)*24,""),"") -> 3 | O60: 3 | P60: =IF(S60="Sì",0,IF(ISNUMBER(O60),O60,IF(ISNUMBER(N60),N60,""))) -> 3 | Q60: =IF(AND(ISNUMBER(O60),ISNUMBER(N60)),O60-N60,"") -> 0 | T60: Sì | V60: OK
A61: 3 | B61: ROSSI MARIO | C61: BIANCHI LUCA | D61: IC 12 VITTORIO EMANUELE | E61: 46054 | F61: 46077 | G61: mar | H61: Feriale | I61: 0.33333333 | J61: 0.45833333 | K61: 0.33333333 | L61: 0.45833333 | M61: =IF(AND(ISNUMBER(I61),ISNUMBER(J61)),IF(J61>I61,(J61-I61)*24,""),"") -> 3 | N61: =IF(AND(ISNUMBER(K61),ISNUMBER(L61)),IF(L61>K61,(L61-K61)*24,""),"") -> 3 | O61: 3 | P61: =IF(S61="Sì",0,IF(ISNUMBER(O61),O61,IF(ISNUMBER(N61),N61,""))) -> 3 | Q61: =IF(AND(ISNUMBER(O61),ISNUMBER(N61)),O61-N61,"") -> 0 | T61: Sì | V61: OK
A62: 3 | B62: ROSSI MARIO | C62: BIANCHI LUCA | D62: IC 12 VITTORIO EMANUELE | E62: 46054 | F62: 46078 | G62: mer | H62: Feriale | I62: 0.33333333 | J62: 0.45833333 | K62: 0.33333333 | L62: 0.45833333 | M62: =IF(AND(ISNUMBER(I62),ISNUMBER(J62)),IF(J62>I62,(J62-I62)*24,""),"") -> 3 | N62: =IF(AND(ISNUMBER(K62),ISNUMBER(L62)),IF(L62>K62,(L62-K62)*24,""),"") -> 3 | O62: 3 | P62: =IF(S62="Sì",0,IF(ISNUMBER(O62),O62,IF(ISNUMBER(N62),N62,""))) -> 3 | Q62: =IF(AND(ISNUMBER(O62),ISNUMBER(N62)),O62-N62,"") -> 0 | T62: Sì | V62: OK
A63: 3 | B63: ROSSI MARIO | C63: BIANCHI LUCA | D63: IC 12 VITTORIO EMANUELE | E63: 46054 | F63: 46079 | G63: gio | H63: Feriale | I63: 0.33333333 | J63: 0.45833333 | K63: 0.33333333 | L63: 0.45833333 | M63: =IF(AND(ISNUMBER(I63),ISNUMBER(J63)),IF(J63>I63,(J63-I63)*24,""),"") -> 3 | N63: =IF(AND(ISNUMBER(K63),ISNUMBER(L63)),IF(L63>K63,(L63-K63)*24,""),"") -> 3 | O63: 3 | P63: =IF(S63="Sì",0,IF(ISNUMBER(O63),O63,IF(ISNUMBER(N63),N63,""))) -> 3 | Q63: =IF(AND(ISNUMBER(O63),ISNUMBER(N63)),O63-N63,"") -> 0 | T63: Sì | V63: OK
A64: 3 | B64: ROSSI MARIO | C64: BIANCHI LUCA | D64: IC 12 VITTORIO EMANUELE | E64: 46054 | F64: 46080 | G64: ven | H64: Feriale | I64: 0.33333333 | J64: 0.45833333 | K64: 0.33333333 | L64: 0.45833333 | M64: =IF(AND(ISNUMBER(I64),ISNUMBER(J64)),IF(J64>I64,(J64-I64)*24,""),"") -> 3 | N64: =IF(AND(ISNUMBER(K64),ISNUMBER(L64)),IF(L64>K64,(L64-K64)*24,""),"") -> 3 | O64: 3 | P64: =IF(S64="Sì",0,IF(ISNUMBER(O64),O64,IF(ISNUMBER(N64),N64,""))) -> 3 | Q64: =IF(AND(ISNUMBER(O64),ISNUMBER(N64)),O64-N64,"") -> 0 | T64: Sì | V64: OK
A65: 4 | B65: ROSSI MARIO | C65: BIANCHI LUCA | D65: IC 12 VITTORIO EMANUELE | E65: 46082 | F65: 46083 | G65: lun | H65: Feriale | I65: 0.33333333 | J65: 0.45833333 | K65: 0.33333333 | L65: 0.45833333 | M65: =IF(AND(ISNUMBER(I65),ISNUMBER(J65)),IF(J65>I65,(J65-I65)*24,""),"") -> 3 | N65: =IF(AND(ISNUMBER(K65),ISNUMBER(L65)),IF(L65>K65,(L65-K65)*24,""),"") -> 3 | O65: 3 | P65: =IF(S65="Sì",0,IF(ISNUMBER(O65),O65,IF(ISNUMBER(N65),N65,""))) -> 3 | Q65: =IF(AND(ISNUMBER(O65),ISNUMBER(N65)),O65-N65,"") -> 0 | T65: Sì | V65: OK
A66: 4 | B66: ROSSI MARIO | C66: BIANCHI LUCA | D66: IC 12 VITTORIO EMANUELE | E66: 46082 | F66: 46084 | G66: mar | H66: Feriale | I66: 0.33333333 | J66: 0.45833333 | K66: 0.33333333 | L66: 0.45833333 | M66: =IF(AND(ISNUMBER(I66),ISNUMBER(J66)),IF(J66>I66,(J66-I66)*24,""),"") -> 3 | N66: =IF(AND(ISNUMBER(K66),ISNUMBER(L66)),IF(L66>K66,(L66-K66)*24,""),"") -> 3 | O66: 3 | P66: =IF(S66="Sì",0,IF(ISNUMBER(O66),O66,IF(ISNUMBER(N66),N66,""))) -> 3 | Q66: =IF(AND(ISNUMBER(O66),ISNUMBER(N66)),O66-N66,"") -> 0 | T66: Sì | V66: OK
A67: 4 | B67: ROSSI MARIO | C67: BIANCHI LUCA | D67: IC 12 VITTORIO EMANUELE | E67: 46082 | F67: 46085 | G67: mer | H67: Feriale | I67: 0.33333333 | J67: 0.45833333 | K67: 0.33333333 | L67: 0.45833333 | M67: =IF(AND(ISNUMBER(I67),ISNUMBER(J67)),IF(J67>I67,(J67-I67)*24,""),"") -> 3 | N67: =IF(AND(ISNUMBER(K67),ISNUMBER(L67)),IF(L67>K67,(L67-K67)*24,""),"") -> 3 | O67: 3 | P67: =IF(S67="Sì",0,IF(ISNUMBER(O67),O67,IF(ISNUMBER(N67),N67,""))) -> 3 | Q67: =IF(AND(ISNUMBER(O67),ISNUMBER(N67)),O67-N67,"") -> 0 | T67: Sì | V67: OK
A68: 4 | B68: ROSSI MARIO | C68: BIANCHI LUCA | D68: IC 12 VITTORIO EMANUELE | E68: 46082 | F68: 46086 | G68: gio | H68: Feriale | I68: 0.33333333 | J68: 0.45833333 | K68: 0.33333333 | L68: 0.45833333 | M68: =IF(AND(ISNUMBER(I68),ISNUMBER(J68)),IF(J68>I68,(J68-I68)*24,""),"") -> 3 | N68: =IF(AND(ISNUMBER(K68),ISNUMBER(L68)),IF(L68>K68,(L68-K68)*24,""),"") -> 3 | O68: 3 | P68: =IF(S68="Sì",0,IF(ISNUMBER(O68),O68,IF(ISNUMBER(N68),N68,""))) -> 3 | Q68: =IF(AND(ISNUMBER(O68),ISNUMBER(N68)),O68-N68,"") -> 0 | T68: Sì | V68: OK
A69: 4 | B69: ROSSI MARIO | C69: BIANCHI LUCA | D69: IC 12 VITTORIO EMANUELE | E69: 46082 | F69: 46087 | G69: ven | H69: Feriale | I69: 0.33333333 | J69: 0.45833333 | K69: 0.33333333 | L69: 0.45833333 | M69: =IF(AND(ISNUMBER(I69),ISNUMBER(J69)),IF(J69>I69,(J69-I69)*24,""),"") -> 3 | N69: =IF(AND(ISNUMBER(K69),ISNUMBER(L69)),IF(L69>K69,(L69-K69)*24,""),"") -> 3 | O69: 3 | P69: =IF(S69="Sì",0,IF(ISNUMBER(O69),O69,IF(ISNUMBER(N69),N69,""))) -> 3 | Q69: =IF(AND(ISNUMBER(O69),ISNUMBER(N69)),O69-N69,"") -> 0 | T69: Sì | V69: OK
... A71: 4 | B71: ROSSI MARIO | C71: BIANCHI LUCA | D71: IC 12 VITTORIO EMANUELE | E71: 46082 | F71: 46091 | G71: mar | H71: Feriale | I71: 0.33333333 | J71: 0.45833333 | K71: 0.33333333 | L71: 0.45833333 | M71: =IF(AND(ISNUMBER(I71),ISNUMBER(J71)),IF(J71>I71,(J71-I71)*24,""),"") -> 3 | N71: =IF(AND(ISNUMBER(K71),ISNUMBER(L71)),IF(L71>K71,(L71-K71)*24,""),"") -> 3 | O71: 3 | P71: =IF(S71="Sì",0,IF(ISNUMBER(O71),O71,IF(ISNUMBER(N71),N71,""))) -> 3 | Q71: =IF(AND(ISNUMBER(O71),ISNUMBER(N71)),O71-N71,"") -> 0 | T71: Sì | V71: OK
A72: 4 | B72: ROSSI MARIO | C72: BIANCHI LUCA | D72: IC 12 VITTORIO EMANUELE | E72: 46082 | F72: 46092 | G72: mer | H72: Feriale | I72: 0.33333333 | J72: 0.45833333 | K72: 0.33333333 | L72: 0.4375 | M72: =IF(AND(ISNUMBER(I72),ISNUMBER(J72)),IF(J72>I72,(J72-I72)*24,""),"") -> 3 | N72: =IF(AND(ISNUMBER(K72),ISNUMBER(L72)),IF(L72>K72,(L72-K72)*24,""),"") -> 2.5 | O72: 3 | P72: =IF(S72="Sì",0,IF(ISNUMBER(O72),O72,IF(ISNUMBER(N72),N72,""))) -> 3 | Q72: =IF(AND(ISNUMBER(O72),ISNUMBER(N72)),O72-N72,"") -> 0.5 | T72: Sì | V72: Errore – ore non coerenti con l'orario | W72: Dichiarate 3 ore ma l'orario effettivo 08:00–10:30 corrisponde a 2,5 ore. • Orario effettivo 08:00–10:30 diverso dal programmato 08:00–11:00.
A73: 4 | B73: ROSSI MARIO | C73: BIANCHI LUCA | D73: IC 12 VITTORIO EMANUELE | E73: 46082 | F73: 46093 | G73: gio | H73: Feriale | I73: 0.33333333 | J73: 0.45833333 | K73: 0.33333333 | L73: 0.45833333 | M73: =IF(AND(ISNUMBER(I73),ISNUMBER(J73)),IF(J73>I73,(J73-I73)*24,""),"") -> 3 | N73: =IF(AND(ISNUMBER(K73),ISNUMBER(L73)),IF(L73>K73,(L73-K73)*24,""),"") -> 3 | O73: 3 | P73: =IF(S73="Sì",0,IF(ISNUMBER(O73),O73,IF(ISNUMBER(N73),N73,""))) -> 3 | Q73: =IF(AND(ISNUMBER(O73),ISNUMBER(N73)),O73-N73,"") -> 0 | T73: Sì | V73: OK
A74: 4 | B74: ROSSI MARIO | C74: BIANCHI LUCA | D74: IC 12 VITTORIO EMANUELE | E74: 46082 | F74: 46094 | G74: ven | H74: Feriale | I74: 0.33333333 | J74: 0.45833333 | K74: 0.33333333 | L74: 0.45833333 | M74: =IF(AND(ISNUMBER(I74),ISNUMBER(J74)),IF(J74>I74,(J74-I74)*24,""),"") -> 3 | N74: =IF(AND(ISNUMBER(K74),ISNUMBER(L74)),IF(L74>K74,(L74-K74)*24,""),"") -> 3 | O74: 3 | P74: =IF(S74="Sì",0,IF(ISNUMBER(O74),O74,IF(ISNUMBER(N74),N74,""))) -> 3 | Q74: =IF(AND(ISNUMBER(O74),ISNUMBER(N74)),O74-N74,"") -> 0 | T74: Sì | V74: OK
A75: 4 | B75: ROSSI MARIO | C75: BIANCHI LUCA | D75: IC 12 VITTORIO EMANUELE | E75: 46082 | F75: 46097 | G75: lun | H75: Feriale | I75: 0.33333333 | J75: 0.45833333 | K75: 0.33333333 | L75: 0.45833333 | M75: =IF(AND(ISNUMBER(I75),ISNUMBER(J75)),IF(J75>I75,(J75-I75)*24,""),"") -> 3 | N75: =IF(AND(ISNUMBER(K75),ISNUMBER(L75)),IF(L75>K75,(L75-K75)*24,""),"") -> 3 | O75: 3 | P75: =IF(S75="Sì",0,IF(ISNUMBER(O75),O75,IF(ISNUMBER(N75),N75,""))) -> 3 | Q75: =IF(AND(ISNUMBER(O75),ISNUMBER(N75)),O75-N75,"") -> 0 | T75: Sì | V75: OK
A76: 4 | B76: ROSSI MARIO | C76: BIANCHI LUCA | D76: IC 12 VITTORIO EMANUELE | E76: 46082 | F76: 46098 | G76: mar | H76: Feriale | I76: 0.33333333 | J76: 0.45833333 | K76: 0.33333333 | L76: 0.45833333 | M76: =IF(AND(ISNUMBER(I76),ISNUMBER(J76)),IF(J76>I76,(J76-I76)*24,""),"") -> 3 | N76: =IF(AND(ISNUMBER(K76),ISNUMBER(L76)),IF(L76>K76,(L76-K76)*24,""),"") -> 3 | O76: 3 | P76: =IF(S76="Sì",0,IF(ISNUMBER(O76),O76,IF(ISNUMBER(N76),N76,""))) -> 3 | Q76: =IF(AND(ISNUMBER(O76),ISNUMBER(N76)),O76-N76,"") -> 0 | T76: Sì | V76: OK
A77: 4 | B77: ROSSI MARIO | C77: BIANCHI LUCA | D77: IC 12 VITTORIO EMANUELE | E77: 46082 | F77: 46099 | G77: mer | H77: Feriale | I77: 0.33333333 | J77: 0.45833333 | K77: 0.33333333 | L77: 0.45833333 | M77: =IF(AND(ISNUMBER(I77),ISNUMBER(J77)),IF(J77>I77,(J77-I77)*24,""),"") -> 3 | N77: =IF(AND(ISNUMBER(K77),ISNUMBER(L77)),IF(L77>K77,(L77-K77)*24,""),"") -> 3 | O77: 3 | P77: =IF(S77="Sì",0,IF(ISNUMBER(O77),O77,IF(ISNUMBER(N77),N77,""))) -> 3 | Q77: =IF(AND(ISNUMBER(O77),ISNUMBER(N77)),O77-N77,"") -> 0 | T77: Sì | V77: OK
A78: 4 | B78: ROSSI MARIO | C78: BIANCHI LUCA | D78: IC 12 VITTORIO EMANUELE | E78: 46082 | F78: 46100 | G78: gio | H78: Feriale | I78: 0.33333333 | J78: 0.45833333 | K78: – | L78: – | M78: =IF(AND(ISNUMBER(I78),ISNUMBER(J78)),IF(J78>I78,(J78-I78)*24,""),"") -> 3 | N78: =IF(AND(ISNUMBER(K78),ISNUMBER(L78)),IF(L78>K78,(L78-K78)*24,""),"") | O78: 1.5 | P78: =IF(S78="Sì",0,IF(ISNUMBER(O78),O78,IF(ISNUMBER(N78),N78,""))) -> 1.5 | Q78: =IF(AND(ISNUMBER(O78),ISNUMBER(N78)),O78-N78,"") | R78: Sì | T78: Sì | V78: Assenza alunno | W78: Assenza dell'alunno; riconosciute 1,5 ore su 3 programmate (50%).
A79: 4 | B79: ROSSI MARIO | C79: BIANCHI LUCA | D79: IC 12 VITTORIO EMANUELE | E79: 46082 | F79: 46101 | G79: ven | H79: Feriale | I79: 0.33333333 | J79: 0.45833333 | K79: 0.33333333 | L79: 0.45833333 | M79: =IF(AND(ISNUMBER(I79),ISNUMBER(J79)),IF(J79>I79,(J79-I79)*24,""),"") -> 3 | N79: =IF(AND(ISNUMBER(K79),ISNUMBER(L79)),IF(L79>K79,(L79-K79)*24,""),"") -> 3 | O79: 3 | P79: =IF(S79="Sì",0,IF(ISNUMBER(O79),O79,IF(ISNUMBER(N79),N79,""))) -> 3 | Q79: =IF(AND(ISNUMBER(O79),ISNUMBER(N79)),O79-N79,"") -> 0 | T79: Sì | V79: OK
A80: 4 | B80: ROSSI MARIO | C80: BIANCHI LUCA | D80: IC 12 VITTORIO EMANUELE | E80: 46082 | F80: 46104 | G80: lun | H80: Feriale | I80: 0.33333333 | J80: 0.45833333 | K80: 0.33333333 | L80: 0.45833333 | M80: =IF(AND(ISNUMBER(I80),ISNUMBER(J80)),IF(J80>I80,(J80-I80)*24,""),"") -> 3 | N80: =IF(AND(ISNUMBER(K80),ISNUMBER(L80)),IF(L80>K80,(L80-K80)*24,""),"") -> 3 | O80: 3 | P80: =IF(S80="Sì",0,IF(ISNUMBER(O80),O80,IF(ISNUMBER(N80),N80,""))) -> 3 | Q80: =IF(AND(ISNUMBER(O80),ISNUMBER(N80)),O80-N80,"") -> 0 | T80: Sì | V80: Da verificare – lettura incerta: uscita programmata | W80: Lettura incerta del campo «Uscita programmata» (valore letto: 11:00); verificare sulla scansione.
A81: 4 | B81: ROSSI MARIO | C81: BIANCHI LUCA | D81: IC 12 VITTORIO EMANUELE | E81: 46082 | F81: 46105 | G81: mar | H81: Feriale | I81: 0.33333333 | J81: 0.45833333 | K81: 0.33333333 | L81: 0.45833333 | M81: =IF(AND(ISNUMBER(I81),ISNUMBER(J81)),IF(J81>I81,(J81-I81)*24,""),"") -> 3 | N81: =IF(AND(ISNUMBER(K81),ISNUMBER(L81)),IF(L81>K81,(L81-K81)*24,""),"") -> 3 | O81: 3 | P81: =IF(S81="Sì",0,IF(ISNUMBER(O81),O81,IF(ISNUMBER(N81),N81,""))) -> 3 | Q81: =IF(AND(ISNUMBER(O81),ISNUMBER(N81)),O81-N81,"") -> 0 | T81: Sì | V81: OK
A82: 4 | B82: ROSSI MARIO | C82: BIANCHI LUCA | D82: IC 12 VITTORIO EMANUELE | E82: 46082 | F82: 46106 | G82: mer | H82: Feriale | I82: 0.33333333 | J82: 0.45833333 | K82: 0.33333333 | L82: 0.45833333 | M82: =IF(AND(ISNUMBER(I82),ISNUMBER(J82)),IF(J82>I82,(J82-I82)*24,""),"") -> 3 | N82: =IF(AND(ISNUMBER(K82),ISNUMBER(L82)),IF(L82>K82,(L82-K82)*24,""),"") -> 3 | O82: 3 | P82: =IF(S82="Sì",0,IF(ISNUMBER(O82),O82,IF(ISNUMBER(N82),N82,""))) -> 3 | Q82: =IF(AND(ISNUMBER(O82),ISNUMBER(N82)),O82-N82,"") -> 0 | T82: No | V82: Da verificare – firma operatore mancante | W82: Manca la firma dell'operatore (orario 08:00–11:00, 3 ore dichiarate).
A83: 4 | B83: ROSSI MARIO | C83: BIANCHI LUCA | D83: IC 12 VITTORIO EMANUELE | E83: 46082 | F83: 46107 | G83: gio | H83: Feriale | I83: 0.33333333 | J83: 0.45833333 | K83: 0.33333333 | L83: 0.45833333 | M83: =IF(AND(ISNUMBER(I83),ISNUMBER(J83)),IF(J83>I83,(J83-I83)*24,""),"") -> 3 | N83: =IF(AND(ISNUMBER(K83),ISNUMBER(L83)),IF(L83>K83,(L83-K83)*24,""),"") -> 3 | O83: 3 | P83: =IF(S83="Sì",0,IF(ISNUMBER(O83),O83,IF(ISNUMBER(N83),N83,""))) -> 3 | Q83: =IF(AND(ISNUMBER(O83),ISNUMBER(N83)),O83-N83,"") -> 0 | T83: Sì | V83: OK
A84: 4 | B84: ROSSI MARIO | C84: BIANCHI LUCA | D84: IC 12 VITTORIO EMANUELE | E84: 46082 | F84: 46108 | G84: ven | H84: Feriale | I84: 0.33333333 | J84: 0.45833333 | K84: 0.33333333 | L84: 0.45833333 | M84: =IF(AND(ISNUMBER(I84),ISNUMBER(J84)),IF(J84>I84,(J84-I84)*24,""),"") -> 3 | N84: =IF(AND(ISNUMBER(K84),ISNUMBER(L84)),IF(L84>K84,(L84-K84)*24,""),"") -> 3 | O84: 3 | P84: =IF(S84="Sì",0,IF(ISNUMBER(O84),O84,IF(ISNUMBER(N84),N84,""))) -> 3 | Q84: =IF(AND(ISNUMBER(O84),ISNUMBER(N84)),O84-N84,"") -> 0 | T84: Sì | V84: OK
A85: 4 | B85: ROSSI MARIO | C85: BIANCHI LUCA | D85: IC 12 VITTORIO EMANUELE | E85: 46082 | F85: 46111 | G85: lun | H85: Feriale | I85: 0.33333333 | J85: 0.45833333 | K85: 0.33333333 | L85: 0.45833333 | M85: =IF(AND(ISNUMBER(I85),ISNUMBER(J85)),IF(J85>I85,(J85-I85)*24,""),"") -> 3 | N85: =IF(AND(ISNUMBER(K85),ISNUMBER(L85)),IF(L85>K85,(L85-K85)*24,""),"") -> 3 | O85: 3 | P85: =IF(S85="Sì",0,IF(ISNUMBER(O85),O85,IF(ISNUMBER(N85),N85,""))) -> 3 | Q85: =IF(AND(ISNUMBER(O85),ISNUMBER(N85)),O85-N85,"") -> 0 | T85: Sì | V85: OK
A86: 4 | B86: ROSSI MARIO | C86: BIANCHI LUCA | D86: IC 12 VITTORIO EMANUELE | E86: 46082 | F86: 46112 | G86: mar | H86: Feriale | I86: 0.33333333 | J86: 0.45833333 | K86: 0.33333333 | L86: 0.45833333 | M86: =IF(AND(ISNUMBER(I86),ISNUMBER(J86)),IF(J86>I86,(J86-I86)*24,""),"") -> 3 | N86: =IF(AND(ISNUMBER(K86),ISNUMBER(L86)),IF(L86>K86,(L86-K86)*24,""),"") -> 3 | O86: 3 | P86: =IF(S86="Sì",0,IF(ISNUMBER(O86),O86,IF(ISNUMBER(N86),N86,""))) -> 3 | Q86: =IF(AND(ISNUMBER(O86),ISNUMBER(N86)),O86-N86,"") -> 0 | T86: Sì | V86: OK

Sheet DE LUCA G. 03-2026
A1: COMUNE DI NAPOLI · Assistenza Specialistica | Q1: Foglio 1 di 4
A2: Foglio firma mensile · Assistenza Specialistica all'integrazione scolastica destinato agli alunni disabili · Anno scolastico 2025/2026
Q4: ‹ Torna al Riepilogo
A5: Ente | D5: COOPERATIVA SOCIALE SIRIO | I5: Mese/anno di riferimento | L5: 46082 | O5: STATO DEL DOCUMENTO
A6: Istituto scolastico | D6: IC 12 VITTORIO EMANUELE | I6: Ore da PEI (settimanali) | L6: 10 | O6: DA VERIFICARE
A7: Operatore | D7: DE LUCA GIOVANNA | I7: Sostituzione | L7: Sì
A8: Alunno | D8: NERI MATTEO | I8: Data di compilazione | L8: 46112 | O8: 0 errori · 4 attenzioni · 3 informazioni
A9: Lotto | D9: 1 | I9: Firma coordinatore ente | L9: Presente | O9: 0 campi illeggibili · 1 lettura incerta · 0 correzioni manuali
A10: Municipalità | D10: 2 | I10: Timbro referente scolastico | L10: Assente | O10: Non ancora confermato in revisione
M11: Calcoli e controlli di Sirio OCR
A12: Giorno | B12: Data | C12: Gg. | D12: Orario programmato | F12: Orario effettivo | H12: Tot. ore effettive | I12: Assenza alunno | J12: Assenza operatore | K12: Firma operatore | L12: Note | M12: Ore programmate | N12: Ore calcolate | O12: Ore riconosciute | P12: Differenza dich. − calc. | Q12: Esito dei controlli
D13: Entrata | E13: Uscita | F13: Entrata | G13: Uscita
A14: 1 | B14: 46082 | C14: dom | M14: =IF(AND(ISNUMBER(D14),ISNUMBER(E14)),IF(E14>D14,(E14-D14)*24,""),"") | N14: =IF(AND(ISNUMBER(F14),ISNUMBER(G14)),IF(G14>F14,(G14-F14)*24,""),"") | O14: =IF(J14="X",0,IF(ISNUMBER(H14),H14,IF(ISNUMBER(N14),N14,""))) | P14: =IF(AND(ISNUMBER(H14),ISNUMBER(N14)),H14-N14,"") | Q14: Domenica
A15: 2 | B15: 46083 | C15: lun | D15: 0.375 | E15: 0.45833333 | F15: 0.375 | G15: 0.45833333 | H15: 2 | K15: Sì | M15: =IF(AND(ISNUMBER(D15),ISNUMBER(E15)),IF(E15>D15,(E15-D15)*24,""),"") -> 2 | N15: =IF(AND(ISNUMBER(F15),ISNUMBER(G15)),IF(G15>F15,(G15-F15)*24,""),"") -> 2 | O15: =IF(J15="X",0,IF(ISNUMBER(H15),H15,IF(ISNUMBER(N15),N15,""))) -> 2 | P15: =IF(AND(ISNUMBER(H15),ISNUMBER(N15)),H15-N15,"") -> 0 | Q15: OK
A16: 3 | B16: 46084 | C16: mar | D16: 0.375 | E16: 0.45833333 | F16: 0.375 | G16: 0.45833333 | H16: 2 | K16: Sì | M16: =IF(AND(ISNUMBER(D16),ISNUMBER(E16)),IF(E16>D16,(E16-D16)*24,""),"") -> 2 | N16: =IF(AND(ISNUMBER(F16),ISNUMBER(G16)),IF(G16>F16,(G16-F16)*24,""),"") -> 2 | O16: =IF(J16="X",0,IF(ISNUMBER(H16),H16,IF(ISNUMBER(N16),N16,""))) -> 2 | P16: =IF(AND(ISNUMBER(H16),ISNUMBER(N16)),H16-N16,"") -> 0 | Q16: OK
A17: 4 | B17: 46085 | C17: mer | D17: 0.375 | E17: 0.45833333 | F17: 0.375 | G17: 0.45833333 | H17: 2 | K17: Sì | M17: =IF(AND(ISNUMBER(D17),ISNUMBER(E17)),IF(E17>D17,(E17-D17)*24,""),"") -> 2 | N17: =IF(AND(ISNUMBER(F17),ISNUMBER(G17)),IF(G17>F17,(G17-F17)*24,""),"") -> 2 | O17: =IF(J17="X",0,IF(ISNUMBER(H17),H17,IF(ISNUMBER(N17),N17,""))) -> 2 | P17: =IF(AND(ISNUMBER(H17),ISNUMBER(N17)),H17-N17,"") -> 0 | Q17: OK
A18: 5 | B18: 46086 | C18: gio | D18: 0.375 | E18: 0.45833333 | F18: 0.375 | G18: 0.45833333 | H18: 2 | K18: Sì | M18: =IF(AND(ISNUMBER(D18),ISNUMBER(E18)),IF(E18>D18,(E18-D18)*24,""),"") -> 2 | N18: =IF(AND(ISNUMBER(F18),ISNUMBER(G18)),IF(G18>F18,(G18-F18)*24,""),"") -> 2 | O18: =IF(J18="X",0,IF(ISNUMBER(H18),H18,IF(ISNUMBER(N18),N18,""))) -> 2 | P18: =IF(AND(ISNUMBER(H18),ISNUMBER(N18)),H18-N18,"") -> 0 | Q18: OK
A19: 6 | B19: 46087 | C19: ven | D19: 0.375 | E19: 0.45833333 | F19: 0.375 | G19: 0.45833333 | H19: 2 | K19: Sì | M19: =IF(AND(ISNUMBER(D19),ISNUMBER(E19)),IF(E19>D19,(E19-D19)*24,""),"") -> 2 | N19: =IF(AND(ISNUMBER(F19),ISNUMBER(G19)),IF(G19>F19,(G19-F19)*24,""),"") -> 2 | O19: =IF(J19="X",0,IF(ISNUMBER(H19),H19,IF(ISNUMBER(N19),N19,""))) -> 2 | P19: =IF(AND(ISNUMBER(H19),ISNUMBER(N19)),H19-N19,"") -> 0 | Q19: OK
A20: 7 | B20: 46088 | C20: sab | M20: =IF(AND(ISNUMBER(D20),ISNUMBER(E20)),IF(E20>D20,(E20-D20)*24,""),"") | N20: =IF(AND(ISNUMBER(F20),ISNUMBER(G20)),IF(G20>F20,(G20-F20)*24,""),"") | O20: =IF(J20="X",0,IF(ISNUMBER(H20),H20,IF(ISNUMBER(N20),N20,""))) | P20: =IF(AND(ISNUMBER(H20),ISNUMBER(N20)),H20-N20,"") | Q20: Sabato
A21: 8 | B21: 46089 | C21: dom | M21: =IF(AND(ISNUMBER(D21),ISNUMBER(E21)),IF(E21>D21,(E21-D21)*24,""),"") | N21: =IF(AND(ISNUMBER(F21),ISNUMBER(G21)),IF(G21>F21,(G21-F21)*24,""),"") | O21: =IF(J21="X",0,IF(ISNUMBER(H21),H21,IF(ISNUMBER(N21),N21,""))) | P21: =IF(AND(ISNUMBER(H21),ISNUMBER(N21)),H21-N21,"") | Q21: Domenica
A22: 9 | B22: 46090 | C22: lun | D22: 0.375 | E22: 0.45833333 | F22: 0.375 | G22: 0.45833333 | H22: 2 | K22: Sì | M22: =IF(AND(ISNUMBER(D22),ISNUMBER(E22)),IF(E22>D22,(E22-D22)*24,""),"") -> 2 | N22: =IF(AND(ISNUMBER(F22),ISNUMBER(G22)),IF(G22>F22,(G22-F22)*24,""),"") -> 2 | O22: =IF(J22="X",0,IF(ISNUMBER(H22),H22,IF(ISNUMBER(N22),N22,""))) -> 2 | P22: =IF(AND(ISNUMBER(H22),ISNUMBER(N22)),H22-N22,"") -> 0 | Q22: OK
A23: 10 | B23: 46091 | C23: mar | D23: 0.375 | E23: 0.45833333 | F23: 0.375 | G23: 0.45833333 | H23: 2 | K23: Sì | M23: =IF(AND(ISNUMBER(D23),ISNUMBER(E23)),IF(E23>D23,(E23-D23)*24,""),"") -> 2 | N23: =IF(AND(ISNUMBER(F23),ISNUMBER(G23)),IF(G23>F23,(G23-F23)*24,""),"") -> 2 | O23: =IF(J23="X",0,IF(ISNUMBER(H23),H23,IF(ISNUMBER(N23),N23,""))) -> 2 | P23: =IF(AND(ISNUMBER(H23),ISNUMBER(N23)),H23-N23,"") -> 0 | Q23: OK
A24: 11 | B24: 46092 | C24: mer | D24: 0.375 | E24: 0.45833333 | F24: 0.375 | G24: 0.45833333 | H24: 2 | K24: Sì | M24: =IF(AND(ISNUMBER(D24),ISNUMBER(E24)),IF(E24>D24,(E24-D24)*24,""),"") -> 2 | N24: =IF(AND(ISNUMBER(F24),ISNUMBER(G24)),IF(G24>F24,(G24-F24)*24,""),"") -> 2 | O24: =IF(J24="X",0,IF(ISNUMBER(H24),H24,IF(ISNUMBER(N24),N24,""))) -> 2 | P24: =IF(AND(ISNUMBER(H24),ISNUMBER(N24)),H24-N24,"") -> 0 | Q24: OK
A25: 12 | B25: 46093 | C25: gio | D25: 0.375 | E25: 0.45833333 | F25: 0.375 | G25: 0.45833333 | H25: 2 | K25: Sì | M25: =IF(AND(ISNUMBER(D25),ISNUMBER(E25)),IF(E25>D25,(E25-D25)*24,""),"") -> 2 | N25: =IF(AND(ISNUMBER(F25),ISNUMBER(G25)),IF(G25>F25,(G25-F25)*24,""),"") -> 2 | O25: =IF(J25="X",0,IF(ISNUMBER(H25),H25,IF(ISNUMBER(N25),N25,""))) -> 2 | P25: =IF(AND(ISNUMBER(H25),ISNUMBER(N25)),H25-N25,"") -> 0 | Q25: OK
A26: 13 | B26: 46094 | C26: ven | D26: 0.375 | E26: 0.45833333 | F26: 0.375 | G26: 0.45833333 | H26: 2 | K26: Sì | M26: =IF(AND(ISNUMBER(D26),ISNUMBER(E26)),IF(E26>D26,(E26-D26)*24,""),"") -> 2 | N26: =IF(AND(ISNUMBER(F26),ISNUMBER(G26)),IF(G26>F26,(G26-F26)*24,""),"") -> 2 | O26: =IF(J26="X",0,IF(ISNUMBER(H26),H26,IF(ISNUMBER(N26),N26,""))) -> 2 | P26: =IF(AND(ISNUMBER(H26),ISNUMBER(N26)),H26-N26,"") -> 0 | Q26: OK
A27: 14 | B27: 46095 | C27: sab | F27: 0.375 | G27: 0.45833333 | H27: 2 | K27: Sì | L27: RECUPERO | M27: =IF(AND(ISNUMBER(D27),ISNUMBER(E27)),IF(E27>D27,(E27-D27)*24,""),"") | N27: =IF(AND(ISNUMBER(F27),ISNUMBER(G27)),IF(G27>F27,(G27-F27)*24,""),"") -> 2 | O27: =IF(J27="X",0,IF(ISNUMBER(H27),H27,IF(ISNUMBER(N27),N27,""))) -> 2 | P27: =IF(AND(ISNUMBER(H27),ISNUMBER(N27)),H27-N27,"") -> 0 | Q27: OK
A28: 15 | B28: 46096 | C28: dom | M28: =IF(AND(ISNUMBER(D28),ISNUMBER(E28)),IF(E28>D28,(E28-D28)*24,""),"") | N28: =IF(AND(ISNUMBER(F28),ISNUMBER(G28)),IF(G28>F28,(G28-F28)*24,""),"") | O28: =IF(J28="X",0,IF(ISNUMBER(H28),H28,IF(ISNUMBER(N28),N28,""))) | P28: =IF(AND(ISNUMBER(H28),ISNUMBER(N28)),H28-N28,"") | Q28: Domenica
A29: 16 | B29: 46097 | C29: lun | D29: 0.375 | E29: 0.45833333 | F29: 0.375 | G29: 0.45833333 | H29: 2 | K29: Sì | M29: =IF(AND(ISNUMBER(D29),ISNUMBER(E29)),IF(E29>D29,(E29-D29)*24,""),"") -> 2 | N29: =IF(AND(ISNUMBER(F29),ISNUMBER(G29)),IF(G29>F29,(G29-F29)*24,""),"") -> 2 | O29: =IF(J29="X",0,IF(ISNUMBER(H29),H29,IF(ISNUMBER(N29),N29,""))) -> 2 | P29: =IF(AND(ISNUMBER(H29),ISNUMBER(N29)),H29-N29,"") -> 0 | Q29: OK
A30: 17 | B30: 46098 | C30: mar | D30: 0.375 | E30: 0.45833333 | F30: 0.375 | G30: 0.45833333 | H30: 2 | K30: Sì | M30: =IF(AND(ISNUMBER(D30),ISNUMBER(E30)),IF(E30>D30,(E30-D30)*24,""),"") -> 2 | N30: =IF(AND(ISNUMBER(F30),ISNUMBER(G30)),IF(G30>F30,(G30-F30)*24,""),"") -> 2 | O30: =IF(J30="X",0,IF(ISNUMBER(H30),H30,IF(ISNUMBER(N30),N30,""))) -> 2 | P30: =IF(AND(ISNUMBER(H30),ISNUMBER(N30)),H30-N30,"") -> 0 | Q30: OK
A31: 18 | B31: 46099 | C31: mer | D31: 0.375 | E31: 0.45833333 | F31: 0.375 | G31: 0.45833333 | H31: 2 | K31: Sì | M31: =IF(AND(ISNUMBER(D31),ISNUMBER(E31)),IF(E31>D31,(E31-D31)*24,""),"") -> 2 | N31: =IF(AND(ISNUMBER(F31),ISNUMBER(G31)),IF(G31>F31,(G31-F31)*24,""),"") -> 2 | O31: =IF(J31="X",0,IF(ISNUMBER(H31),H31,IF(ISNUMBER(N31),N31,""))) -> 2 | P31: =IF(AND(ISNUMBER(H31),ISNUMBER(N31)),H31-N31,"") -> 0 | Q31: OK
A32: 19 | B32: 46100 | C32: gio | D32: 0.375 | E32: 0.45833333 | F32: 0.375 | G32: 0.45833333 | H32: 2 | K32: Sì | M32: =IF(AND(ISNUMBER(D32),ISNUMBER(E32)),IF(E32>D32,(E32-D32)*24,""),"") -> 2 | N32: =IF(AND(ISNUMBER(F32),ISNUMBER(G32)),IF(G32>F32,(G32-F32)*24,""),"") -> 2 | O32: =IF(J32="X",0,IF(ISNUMBER(H32),H32,IF(ISNUMBER(N32),N32,""))) -> 2 | P32: =IF(AND(ISNUMBER(H32),ISNUMBER(N32)),H32-N32,"") -> 0 | Q32: OK
A33: 20 | B33: 46101 | C33: ven | D33: 0.375 | E33: 0.45833333 | F33: 0.375 | G33: 0.46875 | H33: 2.25 | K33: Sì | M33: =IF(AND(ISNUMBER(D33),ISNUMBER(E33)),IF(E33>D33,(E33-D33)*24,""),"") -> 2 | N33: =IF(AND(ISNUMBER(F33),ISNUMBER(G33)),IF(G33>F33,(G33-F33)*24,""),"") -> 2.25 | O33: =IF(J33="X",0,IF(ISNUMBER(H33),H33,IF(ISNUMBER(N33),N33,""))) -> 2.25 | P33: =IF(AND(ISNUMBER(H33),ISNUMBER(N33)),H33-N33,"") -> 0 | Q33: OK
A34: 21 | B34: 46102 | C34: sab | M34: =IF(AND(ISNUMBER(D34),ISNUMBER(E34)),IF(E34>D34,(E34-D34)*24,""),"") | N34: =IF(AND(ISNUMBER(F34),ISNUMBER(G34)),IF(G34>F34,(G34-F34)*24,""),"") | O34: =IF(J34="X",0,IF(ISNUMBER(H34),H34,IF(ISNUMBER(N34),N34,""))) | P34: =IF(AND(ISNUMBER(H34),ISNUMBER(N34)),H34-N34,"") | Q34: Sabato
A35: 22 | B35: 46103 | C35: dom | M35: =IF(AND(ISNUMBER(D35),ISNUMBER(E35)),IF(E35>D35,(E35-D35)*24,""),"") | N35: =IF(AND(ISNUMBER(F35),ISNUMBER(G35)),IF(G35>F35,(G35-F35)*24,""),"") | O35: =IF(J35="X",0,IF(ISNUMBER(H35),H35,IF(ISNUMBER(N35),N35,""))) | P35: =IF(AND(ISNUMBER(H35),ISNUMBER(N35)),H35-N35,"") | Q35: Domenica
A36: 23 | B36: 46104 | C36: lun | D36: 0.375 | E36: 0.45833333 | F36: 0.375 | G36: 0.45833333 | H36: 2 | K36: Sì | M36: =IF(AND(ISNUMBER(D36),ISNUMBER(E36)),IF(E36>D36,(E36-D36)*24,""),"") -> 2 | N36: =IF(AND(ISNUMBER(F36),ISNUMBER(G36)),IF(G36>F36,(G36-F36)*24,""),"") -> 2 | O36: =IF(J36="X",0,IF(ISNUMBER(H36),H36,IF(ISNUMBER(N36),N36,""))) -> 2 | P36: =IF(AND(ISNUMBER(H36),ISNUMBER(N36)),H36-N36,"") -> 0 | Q36: OK
A37: 24 | B37: 46105 | C37: mar | D37: 0.375 | E37: 0.45833333 | F37: 0.375 | G37: 0.45833333 | H37: 2 | K37: Sì | M37: =IF(AND(ISNUMBER(D37),ISNUMBER(E37)),IF(E37>D37,(E37-D37)*24,""),"") -> 2 | N37: =IF(AND(ISNUMBER(F37),ISNUMBER(G37)),IF(G37>F37,(G37-F37)*24,""),"") -> 2 | O37: =IF(J37="X",0,IF(ISNUMBER(H37),H37,IF(ISNUMBER(N37),N37,""))) -> 2 | P37: =IF(AND(ISNUMBER(H37),ISNUMBER(N37)),H37-N37,"") -> 0 | Q37: OK
A38: 25 | B38: 46106 | C38: mer | D38: 0.375 | E38: 0.45833333 | F38: 0.375 | G38: 0.45833333 | H38: 2 | K38: Sì | M38: =IF(AND(ISNUMBER(D38),ISNUMBER(E38)),IF(E38>D38,(E38-D38)*24,""),"") -> 2 | N38: =IF(AND(ISNUMBER(F38),ISNUMBER(G38)),IF(G38>F38,(G38-F38)*24,""),"") -> 2 | O38: =IF(J38="X",0,IF(ISNUMBER(H38),H38,IF(ISNUMBER(N38),N38,""))) -> 2 | P38: =IF(AND(ISNUMBER(H38),ISNUMBER(N38)),H38-N38,"") -> 0 | Q38: OK
A39: 26 | B39: 46107 | C39: gio | D39: 0.375 | E39: 0.45833333 | F39: 0.375 | G39: 0.45833333 | H39: 2 | K39: Sì | M39: =IF(AND(ISNUMBER(D39),ISNUMBER(E39)),IF(E39>D39,(E39-D39)*24,""),"") -> 2 | N39: =IF(AND(ISNUMBER(F39),ISNUMBER(G39)),IF(G39>F39,(G39-F39)*24,""),"") -> 2 | O39: =IF(J39="X",0,IF(ISNUMBER(H39),H39,IF(ISNUMBER(N39),N39,""))) -> 2 | P39: =IF(AND(ISNUMBER(H39),ISNUMBER(N39)),H39-N39,"") -> 0 | Q39: OK
A40: 27 | B40: 46108 | C40: ven | D40: 0.375 | E40: 0.45833333 | F40: 0.375 | G40: 0.45833333 | H40: 2 | K40: Sì | M40: =IF(AND(ISNUMBER(D40),ISNUMBER(E40)),IF(E40>D40,(E40-D40)*24,""),"") -> 2 | N40: =IF(AND(ISNUMBER(F40),ISNUMBER(G40)),IF(G40>F40,(G40-F40)*24,""),"") -> 2 | O40: =IF(J40="X",0,IF(ISNUMBER(H40),H40,IF(ISNUMBER(N40),N40,""))) -> 2 | P40: =IF(AND(ISNUMBER(H40),ISNUMBER(N40)),H40-N40,"") -> 0 | Q40: OK
A41: 28 | B41: 46109 | C41: sab | M41: =IF(AND(ISNUMBER(D41),ISNUMBER(E41)),IF(E41>D41,(E41-D41)*24,""),"") | N41: =IF(AND(ISNUMBER(F41),ISNUMBER(G41)),IF(G41>F41,(G41-F41)*24,""),"") | O41: =IF(J41="X",0,IF(ISNUMBER(H41),H41,IF(ISNUMBER(N41),N41,""))) | P41: =IF(AND(ISNUMBER(H41),ISNUMBER(N41)),H41-N41,"") | Q41: Sabato
A42: 29 | B42: 46110 | C42: dom | M42: =IF(AND(ISNUMBER(D42),ISNUMBER(E42)),IF(E42>D42,(E42-D42)*24,""),"") | N42: =IF(AND(ISNUMBER(F42),ISNUMBER(G42)),IF(G42>F42,(G42-F42)*24,""),"") | O42: =IF(J42="X",0,IF(ISNUMBER(H42),H42,IF(ISNUMBER(N42),N42,""))) | P42: =IF(AND(ISNUMBER(H42),ISNUMBER(N42)),H42-N42,"") | Q42: Domenica
A43: 30 | B43: 46111 | C43: lun | D43: 0.375 | E43: 0.45833333 | F43: 0.375 | G43: 0.45833333 | H43: 2 | K43: Sì | M43: =IF(AND(ISNUMBER(D43),ISNUMBER(E43)),IF(E43>D43,(E43-D43)*24,""),"") -> 2 | N43: =IF(AND(ISNUMBER(F43),ISNUMBER(G43)),IF(G43>F43,(G43-F43)*24,""),"") -> 2 | O43: =IF(J43="X",0,IF(ISNUMBER(H43),H43,IF(ISNUMBER(N43),N43,""))) -> 2 | P43: =IF(AND(ISNUMBER(H43),ISNUMBER(N43)),H43-N43,"") -> 0 | Q43: OK
A44: 31 | B44: 46112 | C44: mar | D44: 0.375 | E44: 0.45833333 | F44: 0.375 | G44: 0.45833333 | H44: 2 | K44: Sì | M44: =IF(AND(ISNUMBER(D44),ISNUMBER(E44)),IF(E44>D44,(E44-D44)*24,""),"") -> 2 | N44: =IF(AND(ISNUMBER(F44),ISNUMBER(G44)),IF(G44>F44,(G44-F44)*24,""),"") -> 2 | O44: =IF(J44="X",0,IF(ISNUMBER(H44),H44,IF(ISNUMBER(N44),N44,""))) -> 2 | P44: =IF(AND(ISNUMBER(H44),ISNUMBER(N44)),H44-N44,"") -> 0 | Q44: OK
A45: Totale ore effettive mensili (somma dei giorni) | H45: =SUM(H14:H44) -> 46.25 | I45: =COUNTIF(I14:I44,"X") -> 0 | J45: =COUNTIF(J14:J44,"X") -> 0 | K45: =COUNTIF(K14:K44,"Sì") -> 23 | M45: =SUM(M14:M44) -> 44 | N45: =SUM(N14:N44) -> 46.25 | O45: =SUM(O14:O44) -> 46.25
A47: Confronto con il totale mensile dichiarato | L47: Ore settimanali rispetto alle ore da PEI
A48: Totale ore effettive mensili dichiarato sul foglio | H48: 46.25 | L48: Settimana | M48: Ore riconosciute | N48: Ore PEI attese | O48: Limite PEI settimanale | P48: Differenza ore − attese | Q48: Esito
A49: Somma delle ore giornaliere (colonna «Tot. ore effettive») | H49: =H45 -> 46.25 | L49: 1ª · 01/03 | M49: =SUM(O14:O14) -> 0 | N49: 0 | O49: =IF(ISNUMBER($L$6),$L$6,"") -> 10 | P49: =IF(ISNUMBER(N49),M49-N49,"") -> 0 | Q49: =IF(NOT(ISNUMBER(O49)),"Ore PEI non indicate",IF(M49>O49+0.01,"Oltre il limite PEI","Entro il limite PEI")) -> Entro il limite PEI
A50: Differenza (somma dei giorni − totale dichiarato) | H50: =IF(ISNUMBER(H48),H49-H48,"") -> 0 | L50: 2ª · 02/03 – 08/03 | M50: =SUM(O15:O21) -> 10 | N50: 10 | O50: =IF(ISNUMBER($L$6),$L$6,"") -> 10 | P50: =IF(ISNUMBER(N50),M50-N50,"") -> 0 | Q50: =IF(NOT(ISNUMBER(O50)),"Ore PEI non indicate",IF(M50>O50+0.01,"Oltre il limite PEI","Entro il limite PEI")) -> Entro il limite PEI
A51: Esito del confronto | H51: =IF(ISNUMBER(H48),IF(ABS(H50)<=0.01,"Corrisponde","Non corrisponde"),IF(ISBLANK(H48),"Totale non indicato","Totale non leggibile")) -> Corrisponde | L51: 3ª · 09/03 – 15/03 | M51: =SUM(O22:O28) -> 12 | N51: 10 | O51: =IF(ISNUMBER($L$6),$L$6,"") -> 10 | P51: =IF(ISNUMBER(N51),M51-N51,"") -> 2 | Q51: =IF(NOT(ISNUMBER(O51)),"Ore PEI non indicate",IF(M51>O51+0.01,"Oltre il limite PEI","Entro il limite PEI")) -> Oltre il limite PEI
A52: Ore programmate | H52: =M45 -> 44 | L52: 4ª · 16/03 – 22/03 | M52: =SUM(O29:O35) -> 10.25 | N52: 10 | O52: =IF(ISNUMBER($L$6),$L$6,"") -> 10 | P52: =IF(ISNUMBER(N52),M52-N52,"") -> 0.25 | Q52: =IF(NOT(ISNUMBER(O52)),"Ore PEI non indicate",IF(M52>O52+0.01,"Oltre il limite PEI","Entro il limite PEI")) -> Oltre il limite PEI
A53: Ore calcolate dagli orari effettivi | H53: =N45 -> 46.25 | L53: 5ª · 23/03 – 29/03 | M53: =SUM(O36:O42) -> 10 | N53: 10 | O53: =IF(ISNUMBER($L$6),$L$6,"") -> 10 | P53: =IF(ISNUMBER(N53),M53-N53,"") -> 0 | Q53: =IF(NOT(ISNUMBER(O53)),"Ore PEI non indicate",IF(M53>O53+0.01,"Oltre il limite PEI","Entro il limite PEI")) -> Entro il limite PEI
A54: Ore riconosciute | H54: =O45 -> 46.25 | L54: 6ª · 30/03 – 31/03 | M54: =SUM(O43:O44) -> 4 | N54: 3.33 | O54: =IF(ISNUMBER($L$6),$L$6,"") -> 10 | P54: =IF(ISNUMBER(N54),M54-N54,"") -> 0.67 | Q54: =IF(NOT(ISNUMBER(O54)),"Ore PEI non indicate",IF(M54>O54+0.01,"Oltre il limite PEI","Entro il limite PEI")) -> Entro il limite PEI
A55: Giorni lavorati (con ore riconosciute) | H55: =COUNTIF(O14:O44,">0") -> 23 | L55: Totale mese | M55: =SUM(M49:M54) -> 46.25 | N55: =SUM(N49:N54) -> 43.33 | P55: =IF(ISNUMBER(N55),M55-N55,"") -> 2.92
A56: Assenze alunno | H56: =I45 -> 0 | L56: Ore PEI attese: limite settimanale proporzionato ai giorni scolastici della settimana compresi nel mese.
A57: Assenze operatore | H57: =J45 -> 0
A59: Anomalie e segnalazioni (7)
A60: Gravità | C60: Giorno | D60: Controllo | H60: Descrizione
A61: Attenzione | D61: W04 · Lettura incerta | H61: Lettura incerta del campo «Ore da PEI» (valore letto: 10); verificare sulla scansione.
A62: Attenzione | D62: W09 · Timbro referente mancante | H62: Mancano il timbro e la firma del referente scolastico in calce al foglio.
A63: Attenzione | D63: W06 · Ore PEI superate | H63: Settimana 3 (dal 9 all 15 marzo): 12 ore, oltre il limite settimanale del PEI (10 ore; eccedenza 2 ore).
A64: Attenzione | D64: W06 · Ore PEI superate | H64: Settimana 4 (dal 16 all 22 marzo): 10,25 ore, oltre il limite settimanale del PEI (10 ore; eccedenza 0,25 ore).
A65: Info | C65: 14 | D65: W03 · Prestazione in giorno non lavorativo | H65: Giorno 14 (sabato): prestazione registrata di sabato; verificare che sia prevista dal calendario scolastico.
A66: Info | C66: 14 | D66: I04 · Orario senza programmato | H66: Giorno 14: orario effettivo 09:00–11:00 senza orario programmato.
A67: Info | C67: 20 | D67: I03 · Orario diverso dal programmato | H67: Giorno 20: orario effettivo 09:00–11:15 diverso dal programmato 09:00–11:00.
A69: Fonte: de_luca_marzo.pdf · Lettura: Claude Vision (Anthropic) – modello claude-sonnet-5-5 · affidabilità complessiva 89% · ultimo aggiornamento 02/04/2026 07:42 · rif. documento d4e5f6a1b2c3
A70: Celle evidenziate: rosso = illeggibile · ambra = lettura incerta · blu = corretto a mano · grigio = sabato, domenica o festivo. Passare con il mouse sulla cella per il dettaglio.
A71: ‹ Torna al Riepilogo

Sheet ESPOSITO A. 02-2026
A1: COMUNE DI NAPOLI · Assistenza Specialistica | Q1: Foglio 2 di 4
A2: Foglio firma mensile · Assistenza Specialistica all'integrazione scolastica destinato agli alunni disabili · Anno scolastico 2025/2026
Q4: ‹ Torna al Riepilogo
A5: Ente | D5: COOPERATIVA SOCIALE SIRIO | I5: Mese/anno di riferimento | L5: 46054 | O5: STATO DEL DOCUMENTO
A6: Istituto scolastico | D6: IC 47 SARRIA-MONTI | I6: Ore da PEI (settimanali) | L6: 12 | O6: OK
A7: Operatore | D7: ESPOSITO ANNA | I7: Sostituzione | L7: No
A8: Alunno | D8: VERDI SOFIA | I8: Data di compilazione | L8: 46080 | O8: 0 errori · 0 attenzioni · 1 informazione
A9: Lotto | D9: 1 | I9: Firma coordinatore ente | L9: Presente | O9: 0 campi illeggibili · 0 letture incerte · 1 correzione manuale
A10: Municipalità | D10: 2 | I10: Timbro referente scolastico | L10: Presente | O10: Confermato in revisione
M11: Calcoli e controlli di Sirio OCR
A12: Giorno | B12: Data | C12: Gg. | D12: Orario programmato | F12: Orario effettivo | H12: Tot. ore effettive | I12: Assenza alunno | J12: Assenza operatore | K12: Firma operatore | L12: Note | M12: Ore programmate | N12: Ore calcolate | O12: Ore riconosciute | P12: Differenza dich. − calc. | Q12: Esito dei controlli
D13: Entrata | E13: Uscita | F13: Entrata | G13: Uscita
A14: 1 | B14: 46054 | C14: dom | M14: =IF(AND(ISNUMBER(D14),ISNUMBER(E14)),IF(E14>D14,(E14-D14)*24,""),"") | N14: =IF(AND(ISNUMBER(F14),ISNUMBER(G14)),IF(G14>F14,(G14-F14)*24,""),"") | O14: =IF(J14="X",0,IF(ISNUMBER(H14),H14,IF(ISNUMBER(N14),N14,""))) | P14: =IF(AND(ISNUMBER(H14),ISNUMBER(N14)),H14-N14,"") | Q14: Domenica
A15: 2 | B15: 46055 | C15: lun | D15: 0.45833333 | E15: 0.58333333 | F15: 0.45833333 | G15: 0.58333333 | H15: 3 | K15: Sì | M15: =IF(AND(ISNUMBER(D15),ISNUMBER(E15)),IF(E15>D15,(E15-D15)*24,""),"") -> 3 | N15: =IF(AND(ISNUMBER(F15),ISNUMBER(G15)),IF(G15>F15,(G15-F15)*24,""),"") -> 3 | O15: =IF(J15="X",0,IF(ISNUMBER(H15),H15,IF(ISNUMBER(N15),N15,""))) -> 3 | P15: =IF(AND(ISNUMBER(H15),ISNUMBER(N15)),H15-N15,"") -> 0 | Q15: OK
A16: 3 | B16: 46056 | C16: mar | D16: 0.45833333 | E16: 0.58333333 | F16: 0.45833333 | G16: 0.58333333 | H16: 3 | K16: Sì | M16: =IF(AND(ISNUMBER(D16),ISNUMBER(E16)),IF(E16>D16,(E16-D16)*24,""),"") -> 3 | N16: =IF(AND(ISNUMBER(F16),ISNUMBER(G16)),IF(G16>F16,(G16-F16)*24,""),"") -> 3 | O16: =IF(J16="X",0,IF(ISNUMBER(H16),H16,IF(ISNUMBER(N16),N16,""))) -> 3 | P16: =IF(AND(ISNUMBER(H16),ISNUMBER(N16)),H16-N16,"") -> 0 | Q16: OK
A17: 4 | B17: 46057 | C17: mer | M17: =IF(AND(ISNUMBER(D17),ISNUMBER(E17)),IF(E17>D17,(E17-D17)*24,""),"") | N17: =IF(AND(ISNUMBER(F17),ISNUMBER(G17)),IF(G17>F17,(G17-F17)*24,""),"") | O17: =IF(J17="X",0,IF(ISNUMBER(H17),H17,IF(ISNUMBER(N17),N17,""))) | P17: =IF(AND(ISNUMBER(H17),ISNUMBER(N17)),H17-N17,"")
A18: 5 | B18: 46058 | C18: gio | D18: 0.45833333 | E18: 0.58333333 | F18: 0.45833333 | G18: 0.58333333 | H18: 3 | K18: Sì | M18: =IF(AND(ISNUMBER(D18),ISNUMBER(E18)),IF(E18>D18,(E18-D18)*24,""),"") -> 3 | N18: =IF(AND(ISNUMBER(F18),ISNUMBER(G18)),IF(G18>F18,(G18-F18)*24,""),"") -> 3 | O18: =IF(J18="X",0,IF(ISNUMBER(H18),H18,IF(ISNUMBER(N18),N18,""))) -> 3 | P18: =IF(AND(ISNUMBER(H18),ISNUMBER(N18)),H18-N18,"") -> 0 | Q18: OK
A19: 6 | B19: 46059 | C19: ven | D19: 0.45833333 | E19: 0.58333333 | F19: 0.45833333 | G19: 0.58333333 | H19: 3 | K19: Sì | M19: =IF(AND(ISNUMBER(D19),ISNUMBER(E19)),IF(E19>D19,(E19-D19)*24,""),"") -> 3 | N19: =IF(AND(ISNUMBER(F19),ISNUMBER(G19)),IF(G19>F19,(G19-F19)*24,""),"") -> 3 | O19: =IF(J19="X",0,IF(ISNUMBER(H19),H19,IF(ISNUMBER(N19),N19,""))) -> 3 | P19: =IF(AND(ISNUMBER(H19),ISNUMBER(N19)),H19-N19,"") -> 0 | Q19: OK
A20: 7 | B20: 46060 | C20: sab | M20: =IF(AND(ISNUMBER(D20),ISNUMBER(E20)),IF(E20>D20,(E20-D20)*24,""),"") | N20: =IF(AND(ISNUMBER(F20),ISNUMBER(G20)),IF(G20>F20,(G20-F20)*24,""),"") | O20: =IF(J20="X",0,IF(ISNUMBER(H20),H20,IF(ISNUMBER(N20),N20,""))) | P20: =IF(AND(ISNUMBER(H20),ISNUMBER(N20)),H20-N20,"") | Q20: Sabato
A21: 8 | B21: 46061 | C21: dom | M21: =IF(AND(ISNUMBER(D21),ISNUMBER(E21)),IF(E21>D21,(E21-D21)*24,""),"") | N21: =IF(AND(ISNUMBER(F21),ISNUMBER(G21)),IF(G21>F21,(G21-F21)*24,""),"") | O21: =IF(J21="X",0,IF(ISNUMBER(H21),H21,IF(ISNUMBER(N21),N21,""))) | P21: =IF(AND(ISNUMBER(H21),ISNUMBER(N21)),H21-N21,"") | Q21: Domenica
A22: 9 | B22: 46062 | C22: lun | D22: 0.45833333 | E22: 0.58333333 | F22: 0.45833333 | G22: 0.58333333 | H22: 3 | K22: Sì | M22: =IF(AND(ISNUMBER(D22),ISNUMBER(E22)),IF(E22>D22,(E22-D22)*24,""),"") -> 3 | N22: =IF(AND(ISNUMBER(F22),ISNUMBER(G22)),IF(G22>F22,(G22-F22)*24,""),"") -> 3 | O22: =IF(J22="X",0,IF(ISNUMBER(H22),H22,IF(ISNUMBER(N22),N22,""))) -> 3 | P22: =IF(AND(ISNUMBER(H22),ISNUMBER(N22)),H22-N22,"") -> 0 | Q22: OK
A23: 10 | B23: 46063 | C23: mar | D23: 0.45833333 | E23: 0.58333333 | J23: X | L23: 104 | M23: =IF(AND(ISNUMBER(D23),ISNUMBER(E23)),IF(E23>D23,(E23-D23)*24,""),"") -> 3 | N23: =IF(AND(ISNUMBER(F23),ISNUMBER(G23)),IF(G23>F23,(G23-F23)*24,""),"") | O23: =IF(J23="X",0,IF(ISNUMBER(H23),H23,IF(ISNUMBER(N23),N23,""))) -> 0 | P23: =IF(AND(ISNUMBER(H23),ISNUMBER(N23)),H23-N23,"") | Q23: Assenza operatore
A24: 11 | B24: 46064 | C24: mer | M24: =IF(AND(ISNUMBER(D24),ISNUMBER(E24)),IF(E24>D24,(E24-D24)*24,""),"") | N24: =IF(AND(ISNUMBER(F24),ISNUMBER(G24)),IF(G24>F24,(G24-F24)*24,""),"") | O24: =IF(J24="X",0,IF(ISNUMBER(H24),H24,IF(ISNUMBER(N24),N24,""))) | P24: =IF(AND(ISNUMBER(H24),ISNUMBER(N24)),H24-N24,"")
A25: 12 | B25: 46065 | C25: gio | D25: 0.45833333 | E25: 0.58333333 | F25: 0.45833333 | G25: 0.58333333 | H25: 3 | K25: Sì | M25: =IF(AND(ISNUMBER(D25),ISNUMBER(E25)),IF(E25>D25,(E25-D25)*24,""),"") -> 3 | N25: =IF(AND(ISNUMBER(F25),ISNUMBER(G25)),IF(G25>F25,(G25-F25)*24,""),"") -> 3 | O25: =IF(J25="X",0,IF(ISNUMBER(H25),H25,IF(ISNUMBER(N25),N25,""))) -> 3 | P25: =IF(AND(ISNUMBER(H25),ISNUMBER(N25)),H25-N25,"") -> 0 | Q25: OK
A26: 13 | B26: 46066 | C26: ven | D26: 0.45833333 | E26: 0.58333333 | F26: 0.45833333 | G26: 0.58333333 | H26: 3 | K26: Sì | M26: =IF(AND(ISNUMBER(D26),ISNUMBER(E26)),IF(E26>D26,(E26-D26)*24,""),"") -> 3 | N26: =IF(AND(ISNUMBER(F26),ISNUMBER(G26)),IF(G26>F26,(G26-F26)*24,""),"") -> 3 | O26: =IF(J26="X",0,IF(ISNUMBER(H26),H26,IF(ISNUMBER(N26),N26,""))) -> 3 | P26: =IF(AND(ISNUMBER(H26),ISNUMBER(N26)),H26-N26,"") -> 0 | Q26: OK
A27: 14 | B27: 46067 | C27: sab | M27: =IF(AND(ISNUMBER(D27),ISNUMBER(E27)),IF(E27>D27,(E27-D27)*24,""),"") | N27: =IF(AND(ISNUMBER(F27),ISNUMBER(G27)),IF(G27>F27,(G27-F27)*24,""),"") | O27: =IF(J27="X",0,IF(ISNUMBER(H27),H27,IF(ISNUMBER(N27),N27,""))) | P27: =IF(AND(ISNUMBER(H27),ISNUMBER(N27)),H27-N27,"") | Q27: Sabato
A28: 15 | B28: 46068 | C28: dom | M28: =IF(AND(ISNUMBER(D28),ISNUMBER(E28)),IF(E28>D28,(E28-D28)*24,""),"") | N28: =IF(AND(ISNUMBER(F28),ISNUMBER(G28)),IF(G28>F28,(G28-F28)*24,""),"") | O28: =IF(J28="X",0,IF(ISNUMBER(H28),H28,IF(ISNUMBER(N28),N28,""))) | P28: =IF(AND(ISNUMBER(H28),ISNUMBER(N28)),H28-N28,"") | Q28: Domenica
A29: 16 | B29: 46069 | C29: lun | D29: 0.45833333 | E29: 0.58333333 | F29: 0.45833333 | G29: 0.58333333 | H29: 3 | K29: Sì | M29: =IF(AND(ISNUMBER(D29),ISNUMBER(E29)),IF(E29>D29,(E29-D29)*24,""),"") -> 3 | N29: =IF(AND(ISNUMBER(F29),ISNUMBER(G29)),IF(G29>F29,(G29-F29)*24,""),"") -> 3 | O29: =IF(J29="X",0,IF(ISNUMBER(H29),H29,IF(ISNUMBER(N29),N29,""))) -> 3 | P29: =IF(AND(ISNUMBER(H29),ISNUMBER(N29)),H29-N29,"") -> 0 | Q29: OK
A30: 17 | B30: 46070 | C30: mar | D30: 0.45833333 | E30: 0.58333333 | F30: 0.45833333 | G30: 0.58333333 | H30: 3 | K30: Sì | M30: =IF(AND(ISNUMBER(D30),ISNUMBER(E30)),IF(E30>D30,(E30-D30)*24,""),"") -> 3 | N30: =IF(AND(ISNUMBER(F30),ISNUMBER(G30)),IF(G30>F30,(G30-F30)*24,""),"") -> 3 | O30: =IF(J30="X",0,IF(ISNUMBER(H30),H30,IF(ISNUMBER(N30),N30,""))) -> 3 | P30: =IF(AND(ISNUMBER(H30),ISNUMBER(N30)),H30-N30,"") -> 0 | Q30: OK
A31: 18 | B31: 46071 | C31: mer | M31: =IF(AND(ISNUMBER(D31),ISNUMBER(E31)),IF(E31>D31,(E31-D31)*24,""),"") | N31: =IF(AND(ISNUMBER(F31),ISNUMBER(G31)),IF(G31>F31,(G31-F31)*24,""),"") | O31: =IF(J31="X",0,IF(ISNUMBER(H31),H31,IF(ISNUMBER(N31),N31,""))) | P31: =IF(AND(ISNUMBER(H31),ISNUMBER(N31)),H31-N31,"")
A32: 19 | B32: 46072 | C32: gio | D32: 0.45833333 | E32: 0.58333333 | F32: 0.45833333 | G32: 0.58333333 | H32: 3 | K32: Sì | M32: =IF(AND(ISNUMBER(D32),ISNUMBER(E32)),IF(E32>D32,(E32-D32)*24,""),"") -> 3 | N32: =IF(AND(ISNUMBER(F32),ISNUMBER(G32)),IF(G32>F32,(G32-F32)*24,""),"") -> 3 | O32: =IF(J32="X",0,IF(ISNUMBER(H32),H32,IF(ISNUMBER(N32),N32,""))) -> 3 | P32: =IF(AND(ISNUMBER(H32),ISNUMBER(N32)),H32-N32,"") -> 0 | Q32: OK
A33: 20 | B33: 46073 | C33: ven | D33: 0.45833333 | E33: 0.58333333 | F33: 0.45833333 | G33: 0.58333333 | H33: 3 | K33: Sì | M33: =IF(AND(ISNUMBER(D33),ISNUMBER(E33)),IF(E33>D33,(E33-D33)*24,""),"") -> 3 | N33: =IF(AND(ISNUMBER(F33),ISNUMBER(G33)),IF(G33>F33,(G33-F33)*24,""),"") -> 3 | O33: =IF(J33="X",0,IF(ISNUMBER(H33),H33,IF(ISNUMBER(N33),N33,""))) -> 3 | P33: =IF(AND(ISNUMBER(H33),ISNUMBER(N33)),H33-N33,"") -> 0 | Q33: OK
A34: 21 | B34: 46074 | C34: sab | M34: =IF(AND(ISNUMBER(D34),ISNUMBER(E34)),IF(E34>D34,(E34-D34)*24,""),"") | N34: =IF(AND(ISNUMBER(F34),ISNUMBER(G34)),IF(G34>F34,(G34-F34)*24,""),"") | O34: =IF(J34="X",0,IF(ISNUMBER(H34),H34,IF(ISNUMBER(N34),N34,""))) | P34: =IF(AND(ISNUMBER(H34),ISNUMBER(N34)),H34-N34,"") | Q34: Sabato
A35: 22 | B35: 46075 | C35: dom | M35: =IF(AND(ISNUMBER(D35),ISNUMBER(E35)),IF(E35>D35,(E35-D35)*24,""),"") | N35: =IF(AND(ISNUMBER(F35),ISNUMBER(G35)),IF(G35>F35,(G35-F35)*24,""),"") | O35: =IF(J35="X",0,IF(ISNUMBER(H35),H35,IF(ISNUMBER(N35),N35,""))) | P35: =IF(AND(ISNUMBER(H35),ISNUMBER(N35)),H35-N35,"") | Q35: Domenica
A36: 23 | B36: 46076 | C36: lun | D36: 0.45833333 | E36: 0.58333333 | F36: 0.45833333 | G36: 0.58333333 | H36: 3 | K36: Sì | M36: =IF(AND(ISNUMBER(D36),ISNUMBER(E36)),IF(E36>D36,(E36-D36)*24,""),"") -> 3 | N36: =IF(AND(ISNUMBER(F36),ISNUMBER(G36)),IF(G36>F36,(G36-F36)*24,""),"") -> 3 | O36: =IF(J36="X",0,IF(ISNUMBER(H36),H36,IF(ISNUMBER(N36),N36,""))) -> 3 | P36: =IF(AND(ISNUMBER(H36),ISNUMBER(N36)),H36-N36,"") -> 0 | Q36: OK
A37: 24 | B37: 46077 | C37: mar | D37: 0.45833333 | E37: 0.58333333 | F37: 0.45833333 | G37: 0.58333333 | H37: 3 | K37: Sì | M37: =IF(AND(ISNUMBER(D37),ISNUMBER(E37)),IF(E37>D37,(E37-D37)*24,""),"") -> 3 | N37: =IF(AND(ISNUMBER(F37),ISNUMBER(G37)),IF(G37>F37,(G37-F37)*24,""),"") -> 3 | O37: =IF(J37="X",0,IF(ISNUMBER(H37),H37,IF(ISNUMBER(N37),N37,""))) -> 3 | P37: =IF(AND(ISNUMBER(H37),ISNUMBER(N37)),H37-N37,"") -> 0 | Q37: OK
A38: 25 | B38: 46078 | C38: mer | M38: =IF(AND(ISNUMBER(D38),ISNUMBER(E38)),IF(E38>D38,(E38-D38)*24,""),"") | N38: =IF(AND(ISNUMBER(F38),ISNUMBER(G38)),IF(G38>F38,(G38-F38)*24,""),"") | O38: =IF(J38="X",0,IF(ISNUMBER(H38),H38,IF(ISNUMBER(N38),N38,""))) | P38: =IF(AND(ISNUMBER(H38),ISNUMBER(N38)),H38-N38,"")
A39: 26 | B39: 46079 | C39: gio | D39: 0.45833333 | E39: 0.58333333 | F39: 0.45833333 | G39: 0.58333333 | H39: 3 | K39: Sì | M39: =IF(AND(ISNUMBER(D39),ISNUMBER(E39)),IF(E39>D39,(E39-D39)*24,""),"") -> 3 | N39: =IF(AND(ISNUMBER(F39),ISNUMBER(G39)),IF(G39>F39,(G39-F39)*24,""),"") -> 3 | O39: =IF(J39="X",0,IF(ISNUMBER(H39),H39,IF(ISNUMBER(N39),N39,""))) -> 3 | P39: =IF(AND(ISNUMBER(H39),ISNUMBER(N39)),H39-N39,"") -> 0 | Q39: OK
A40: 27 | B40: 46080 | C40: ven | D40: 0.45833333 | E40: 0.58333333 | F40: 0.45833333 | G40: 0.58333333 | H40: 3 | K40: Sì | M40: =IF(AND(ISNUMBER(D40),ISNUMBER(E40)),IF(E40>D40,(E40-D40)*24,""),"") -> 3 | N40: =IF(AND(ISNUMBER(F40),ISNUMBER(G40)),IF(G40>F40,(G40-F40)*24,""),"") -> 3 | O40: =IF(J40="X",0,IF(ISNUMBER(H40),H40,IF(ISNUMBER(N40),N40,""))) -> 3 | P40: =IF(AND(ISNUMBER(H40),ISNUMBER(N40)),H40-N40,"") -> 0 | Q40: OK
A41: 28 | B41: 46081 | C41: sab | M41: =IF(AND(ISNUMBER(D41),ISNUMBER(E41)),IF(E41>D41,(E41-D41)*24,""),"") | N41: =IF(AND(ISNUMBER(F41),ISNUMBER(G41)),IF(G41>F41,(G41-F41)*24,""),"") | O41: =IF(J41="X",0,IF(ISNUMBER(H41),H41,IF(ISNUMBER(N41),N41,""))) | P41: =IF(AND(ISNUMBER(H41),ISNUMBER(N41)),H41-N41,"") | Q41: Sabato
A42: 29 | Q42: Giorno inesistente nel mese
A43: 30 | Q43: Giorno inesistente nel mese
A44: 31 | Q44: Giorno inesistente nel mese
A45: Totale ore effettive mensili (somma dei giorni) | H45: =SUM(H14:H41) -> 45 | I45: =COUNTIF(I14:I41,"X") -> 0 | J45: =COUNTIF(J14:J41,"X") -> 1 | K45: =COUNTIF(K14:K41,"Sì") -> 15 | M45: =SUM(M14:M41) -> 48 | N45: =SUM(N14:N41) -> 45 | O45: =SUM(O14:O41) -> 45
A47: Confronto con il totale mensile dichiarato | L47: Ore settimanali rispetto alle ore da PEI
A48: Totale ore effettive mensili dichiarato sul foglio | H48: 45 | L48: Settimana | M48: Ore riconosciute | N48: Ore PEI attese | O48: Limite PEI settimanale | P48: Differenza ore − attese | Q48: Esito
A49: Somma delle ore giornaliere (colonna «Tot. ore effettive») | H49: =H45 -> 45 | L49: 1ª · 01/02 | M49: =SUM(O14:O14) -> 0 | N49: 0 | O49: =IF(ISNUMBER($L$6),$L$6,"") -> 12 | P49: =IF(ISNUMBER(N49),M49-N49,"") -> 0 | Q49: =IF(NOT(ISNUMBER(O49)),"Ore PEI non indicate",IF(M49>O49+0.01,"Oltre il limite PEI","Entro il limite PEI")) -> Entro il limite PEI
A50: Differenza (somma dei giorni − totale dichiarato) | H50: =IF(ISNUMBER(H48),H49-H48,"") -> 0 | L50: 2ª · 02/02 – 08/02 | M50: =SUM(O15:O21) -> 12 | N50: 12 | O50: =IF(ISNUMBER($L$6),$L$6,"") -> 12 | P50: =IF(ISNUMBER(N50),M50-N50,"") -> 0 | Q50: =IF(NOT(ISNUMBER(O50)),"Ore PEI non indicate",IF(M50>O50+0.01,"Oltre il limite PEI","Entro il limite PEI")) -> Entro il limite PEI
A51: Esito del confronto | H51: =IF(ISNUMBER(H48),IF(ABS(H50)<=0.01,"Corrisponde","Non corrisponde"),IF(ISBLANK(H48),"Totale non indicato","Totale non leggibile")) -> Corrisponde | L51: 3ª · 09/02 – 15/02 | M51: =SUM(O22:O28) -> 9 | N51: 12 | O51: =IF(ISNUMBER($L$6),$L$6,"") -> 12 | P51: =IF(ISNUMBER(N51),M51-N51,"") -> -3 | Q51: =IF(NOT(ISNUMBER(O51)),"Ore PEI non indicate",IF(M51>O51+0.01,"Oltre il limite PEI","Entro il limite PEI")) -> Entro il limite PEI
A52: Ore programmate | H52: =M45 -> 48 | L52: 4ª · 16/02 – 22/02 | M52: =SUM(O29:O35) -> 12 | N52: 12 | O52: =IF(ISNUMBER($L$6),$L$6,"") -> 12 | P52: =IF(ISNUMBER(N52),M52-N52,"") -> 0 | Q52: =IF(NOT(ISNUMBER(O52)),"Ore PEI non indicate",IF(M52>O52+0.01,"Oltre il limite PEI","Entro il limite PEI")) -> Entro il limite PEI
A53: Ore calcolate dagli orari effettivi | H53: =N45 -> 45 | L53: 5ª · 23/02 – 28/02 | M53: =SUM(O36:O41) -> 12 | N53: 12 | O53: =IF(ISNUMBER($L$6),$L$6,"") -> 12 | P53: =IF(ISNUMBER(N53),M53-N53,"") -> 0 | Q53: =IF(NOT(ISNUMBER(O53)),"Ore PEI non indicate",IF(M53>O53+0.01,"Oltre il limite PEI","Entro il limite PEI")) -> Entro il limite PEI
A54: Ore riconosciute | H54: =O45 -> 45 | L54: Totale mese | M54: =SUM(M49:M53) -> 45 | N54: =SUM(N49:N53) -> 48 | P54: =IF(ISNUMBER(N54),M54-N54,"") -> -3
A55: Giorni lavorati (con ore riconosciute) | H55: =COUNTIF(O14:O41,">0") -> 15 | L55: Ore PEI attese: limite settimanale proporzionato ai giorni scolastici della settimana compresi nel mese.
A56: Assenze alunno | H56: =I45 -> 0
A57: Assenze operatore | H57: =J45 -> 1
A59: Anomalie e segnalazioni (1)
A60: Gravità | C60: Giorno | D60: Controllo | H60: Descrizione
A61: Info | C61: 10 | D61: I02 · Assenza operatore | H61: Giorno 10: assenza dell'operatore – nota «104» (permesso Legge 104/1992); 3 ore programmate non svolte.
A63: Fonte: fogli_firma_febbraio.pdf, pagina 2 di 2 · Lettura: Claude Vision (Anthropic) – modello claude-opus-5-5 · affidabilità complessiva 97% · ultimo aggiornamento 02/04/2026 07:42 · rif. documento b2c3d4e5f6a1
A64: Celle evidenziate: rosso = illeggibile · ambra = lettura incerta · blu = corretto a mano · grigio = sabato, domenica o festivo. Passare con il mouse sulla cella per il dettaglio.
A65: ‹ Torna al Riepilogo

Sheet ROSSI M. 02-2026
A1: COMUNE DI NAPOLI · Assistenza Specialistica | Q1: Foglio 3 di 4
A2: Foglio firma mensile · Assistenza Specialistica all'integrazione scolastica destinato agli alunni disabili · Anno scolastico 2025/2026
Q4: ‹ Torna al Riepilogo
A5: Ente | D5: COOPERATIVA SOCIALE SIRIO | I5: Mese/anno di riferimento | L5: 46054 | O5: STATO DEL DOCUMENTO
A6: Istituto scolastico | D6: IC 12 VITTORIO EMANUELE | I6: Ore da PEI (settimanali) | L6: 15 | O6: ERRORI
A7: Operatore | D7: ROSSI MARIO | I7: Sostituzione | L7: No
A8: Alunno | D8: BIANCHI LUCA | I8: Data di compilazione | L8: 46080 | O8: 1 errore · 2 attenzioni · 3 informazioni
A9: Lotto | D9: 1 | I9: Firma coordinatore ente | L9: Presente | O9: 1 campo illeggibile · 2 letture incerte · 0 correzioni manuali
A10: Municipalità | D10: 2 | I10: Timbro referente scolastico | L10: Presente | O10: Non ancora confermato in revisione
M11: Calcoli e controlli di Sirio OCR
A12: Giorno | B12: Data | C12: Gg. | D12: Orario programmato | F12: Orario effettivo | H12: Tot. ore effettive | I12: Assenza alunno | J12: Assenza operatore | K12: Firma operatore | L12: Note | M12: Ore programmate | N12: Ore calcolate | O12: Ore riconosciute | P12: Differenza dich. − calc. | Q12: Esito dei controlli
D13: Entrata | E13: Uscita | F13: Entrata | G13: Uscita
A14: 1 | B14: 46054 | C14: dom | M14: =IF(AND(ISNUMBER(D14),ISNUMBER(E14)),IF(E14>D14,(E14-D14)*24,""),"") | N14: =IF(AND(ISNUMBER(F14),ISNUMBER(G14)),IF(G14>F14,(G14-F14)*24,""),"") | O14: =IF(J14="X",0,IF(ISNUMBER(H14),H14,IF(ISNUMBER(N14),N14,""))) | P14: =IF(AND(ISNUMBER(H14),ISNUMBER(N14)),H14-N14,"") | Q14: Domenica
A15: 2 | B15: 46055 | C15: lun | D15: 0.33333333 | E15: 0.45833333 | F15: 0.33333333 | G15: 0.45833333 | H15: 3 | K15: Sì | M15: =IF(AND(ISNUMBER(D15),ISNUMBER(E15)),IF(E15>D15,(E15-D15)*24,""),"") -> 3 | N15: =IF(AND(ISNUMBER(F15),ISNUMBER(G15)),IF(G15>F15,(G15-F15)*24,""),"") -> 3 | O15: =IF(J15="X",0,IF(ISNUMBER(H15),H15,IF(ISNUMBER(N15),N15,""))) -> 3 | P15: =IF(AND(ISNUMBER(H15),ISNUMBER(N15)),H15-N15,"") -> 0 | Q15: OK
A16: 3 | B16: 46056 | C16: mar | D16: 0.33333333 | E16: 0.45833333 | F16: 0.33333333 | G16: 0.45833333 | H16: 3 | K16: Sì | M16: =IF(AND(ISNUMBER(D16),ISNUMBER(E16)),IF(E16>D16,(E16-D16)*24,""),"") -> 3 | N16: =IF(AND(ISNUMBER(F16),ISNUMBER(G16)),IF(G16>F16,(G16-F16)*24,""),"") -> 3 | O16: =IF(J16="X",0,IF(ISNUMBER(H16),H16,IF(ISNUMBER(N16),N16,""))) -> 3 | P16: =IF(AND(ISNUMBER(H16),ISNUMBER(N16)),H16-N16,"") -> 0 | Q16: OK
A17: 4 | B17: 46057 | C17: mer | D17: 0.33333333 | E17: 0.45833333 | F17: – | G17: – | H17: 1.5 | I17: X | K17: Sì | M17: =IF(AND(ISNUMBER(D17),ISNUMBER(E17)),IF(E17>D17,(E17-D17)*24,""),"") -> 3 | N17: =IF(AND(ISNUMBER(F17),ISNUMBER(G17)),IF(G17>F17,(G17-F17)*24,""),"") | O17: =IF(J17="X",0,IF(ISNUMBER(H17),H17,IF(ISNUMBER(N17),N17,""))) -> 1.5 | P17: =IF(AND(ISNUMBER(H17),ISNUMBER(N17)),H17-N17,"") | Q17: Assenza alunno
A18: 5 | B18: 46058 | C18: gio | D18: 0.33333333 | E18: 0.45833333 | F18: 0.33333333 | G18: 0.45833333 | H18: 3 | K18: Sì | M18: =IF(AND(ISNUMBER(D18),ISNUMBER(E18)),IF(E18>D18,(E18-D18)*24,""),"") -> 3 | N18: =IF(AND(ISNUMBER(F18),ISNUMBER(G18)),IF(G18>F18,(G18-F18)*24,""),"") -> 3 | O18: =IF(J18="X",0,IF(ISNUMBER(H18),H18,IF(ISNUMBER(N18),N18,""))) -> 3 | P18: =IF(AND(ISNUMBER(H18),ISNUMBER(N18)),H18-N18,"") -> 0 | Q18: OK
A19: 6 | B19: 46059 | C19: ven | D19: 0.33333333 | E19: 0.45833333 | F19: 0.33333333 | G19: 0.45833333 | H19: 3 | K19: Sì | M19: =IF(AND(ISNUMBER(D19),ISNUMBER(E19)),IF(E19>D19,(E19-D19)*24,""),"") -> 3 | N19: =IF(AND(ISNUMBER(F19),ISNUMBER(G19)),IF(G19>F19,(G19-F19)*24,""),"") -> 3 | O19: =IF(J19="X",0,IF(ISNUMBER(H19),H19,IF(ISNUMBER(N19),N19,""))) -> 3 | P19: =IF(AND(ISNUMBER(H19),ISNUMBER(N19)),H19-N19,"") -> 0 | Q19: OK
A20: 7 | B20: 46060 | C20: sab | M20: =IF(AND(ISNUMBER(D20),ISNUMBER(E20)),IF(E20>D20,(E20-D20)*24,""),"") | N20: =IF(AND(ISNUMBER(F20),ISNUMBER(G20)),IF(G20>F20,(G20-F20)*24,""),"") | O20: =IF(J20="X",0,IF(ISNUMBER(H20),H20,IF(ISNUMBER(N20),N20,""))) | P20: =IF(AND(ISNUMBER(H20),ISNUMBER(N20)),H20-N20,"") | Q20: Sabato
A21: 8 | B21: 46061 | C21: dom | M21: =IF(AND(ISNUMBER(D21),ISNUMBER(E21)),IF(E21>D21,(E21-D21)*24,""),"") | N21: =IF(AND(ISNUMBER(F21),ISNUMBER(G21)),IF(G21>F21,(G21-F21)*24,""),"") | O21: =IF(J21="X",0,IF(ISNUMBER(H21),H21,IF(ISNUMBER(N21),N21,""))) | P21: =IF(AND(ISNUMBER(H21),ISNUMBER(N21)),H21-N21,"") | Q21: Domenica
A22: 9 | B22: 46062 | C22: lun | D22: 0.33333333 | E22: 0.45833333 | F22: 0.33333333 | G22: 0.45833333 | H22: 3 | K22: Sì | M22: =IF(AND(ISNUMBER(D22),ISNUMBER(E22)),IF(E22>D22,(E22-D22)*24,""),"") -> 3 | N22: =IF(AND(ISNUMBER(F22),ISNUMBER(G22)),IF(G22>F22,(G22-F22)*24,""),"") -> 3 | O22: =IF(J22="X",0,IF(ISNUMBER(H22),H22,IF(ISNUMBER(N22),N22,""))) -> 3 | P22: =IF(AND(ISNUMBER(H22),ISNUMBER(N22)),H22-N22,"") -> 0 | Q22: OK
A23: 10 | B23: 46063 | C23: mar | D23: 0.33333333 | E23: 0.45833333 | F23: 0.33333333 | G23: 0.45833333 | H23: 3 | K23: Sì | M23: =IF(AND(ISNUMBER(D23),ISNUMBER(E23)),IF(E23>D23,(E23-D23)*24,""),"") -> 3 | N23: =IF(AND(ISNUMBER(F23),ISNUMBER(G23)),IF(G23>F23,(G23-F23)*24,""),"") -> 3 | O23: =IF(J23="X",0,IF(ISNUMBER(H23),H23,IF(ISNUMBER(N23),N23,""))) -> 3 | P23: =IF(AND(ISNUMBER(H23),ISNUMBER(N23)),H23-N23,"") -> 0 | Q23: OK
A24: 11 | B24: 46064 | C24: mer | D24: 0.33333333 | E24: 0.45833333 | F24: 0.33333333 | G24: 0.45833333 | H24: 3 | K24: Sì | M24: =IF(AND(ISNUMBER(D24),ISNUMBER(E24)),IF(E24>D24,(E24-D24)*24,""),"") -> 3 | N24: =IF(AND(ISNUMBER(F24),ISNUMBER(G24)),IF(G24>F24,(G24-F24)*24,""),"") -> 3 | O24: =IF(J24="X",0,IF(ISNUMBER(H24),H24,IF(ISNUMBER(N24),N24,""))) -> 3 | P24: =IF(AND(ISNUMBER(H24),ISNUMBER(N24)),H24-N24,"") -> 0 | Q24: OK
A25: 12 | B25: 46065 | C25: gio | D25: 0.33333333 | E25: 0.45833333 | F25: 0.33333333 | G25: ILLEGGIBILE | H25: 3 | K25: Sì | M25: =IF(AND(ISNUMBER(D25),ISNUMBER(E25)),IF(E25>D25,(E25-D25)*24,""),"") -> 3 | N25: =IF(AND(ISNUMBER(F25),ISNUMBER(G25)),IF(G25>F25,(G25-F25)*24,""),"") | O25: =IF(J25="X",0,IF(ISNUMBER(H25),H25,IF(ISNUMBER(N25),N25,""))) -> 3 | P25: =IF(AND(ISNUMBER(H25),ISNUMBER(N25)),H25-N25,"") | Q25: Errore – illeggibile: uscita effettiva
A26: 13 | B26: 46066 | C26: ven | D26: 0.33333333 | E26: 0.45833333 | F26: 0.33333333 | G26: 0.45833333 | H26: 3 | K26: Sì | M26: =IF(AND(ISNUMBER(D26),ISNUMBER(E26)),IF(E26>D26,(E26-D26)*24,""),"") -> 3 | N26: =IF(AND(ISNUMBER(F26),ISNUMBER(G26)),IF(G26>F26,(G26-F26)*24,""),"") -> 3 | O26: =IF(J26="X",0,IF(ISNUMBER(H26),H26,IF(ISNUMBER(N26),N26,""))) -> 3 | P26: =IF(AND(ISNUMBER(H26),ISNUMBER(N26)),H26-N26,"") -> 0 | Q26: OK
A27: 14 | B27: 46067 | C27: sab | M27: =IF(AND(ISNUMBER(D27),ISNUMBER(E27)),IF(E27>D27,(E27-D27)*24,""),"") | N27: =IF(AND(ISNUMBER(F27),ISNUMBER(G27)),IF(G27>F27,(G27-F27)*24,""),"") | O27: =IF(J27="X",0,IF(ISNUMBER(H27),H27,IF(ISNUMBER(N27),N27,""))) | P27: =IF(AND(ISNUMBER(H27),ISNUMBER(N27)),H27-N27,"") | Q27: Sabato
A28: 15 | B28: 46068 | C28: dom | M28: =IF(AND(ISNUMBER(D28),ISNUMBER(E28)),IF(E28>D28,(E28-D28)*24,""),"") | N28: =IF(AND(ISNUMBER(F28),ISNUMBER(G28)),IF(G28>F28,(G28-F28)*24,""),"") | O28: =IF(J28="X",0,IF(ISNUMBER(H28),H28,IF(ISNUMBER(N28),N28,""))) | P28: =IF(AND(ISNUMBER(H28),ISNUMBER(N28)),H28-N28,"") | Q28: Domenica
A29: 16 | B29: 46069 | C29: lun | D29: 0.33333333 | E29: 0.45833333 | F29: – | G29: – | L29: PONTE DI CARNEVALE | M29: =IF(AND(ISNUMBER(D29),ISNUMBER(E29)),IF(E29>D29,(E29-D29)*24,""),"") -> 3 | N29: =IF(AND(ISNUMBER(F29),ISNUMBER(G29)),IF(G29>F29,(G29-F29)*24,""),"") | O29: =IF(J29="X",0,IF(ISNUMBER(H29),H29,IF(ISNUMBER(N29),N29,""))) | P29: =IF(AND(ISNUMBER(H29),ISNUMBER(N29)),H29-N29,"") | Q29: Non svolto
A30: 17 | B30: 46070 | C30: mar | D30: 0.33333333 | E30: 0.45833333 | F30: – | G30: – | L30: PONTE DI CARNEVALE | M30: =IF(AND(ISNUMBER(D30),ISNUMBER(E30)),IF(E30>D30,(E30-D30)*24,""),"") -> 3 | N30: =IF(AND(ISNUMBER(F30),ISNUMBER(G30)),IF(G30>F30,(G30-F30)*24,""),"") | O30: =IF(J30="X",0,IF(ISNUMBER(H30),H30,IF(ISNUMBER(N30),N30,""))) | P30: =IF(AND(ISNUMBER(H30),ISNUMBER(N30)),H30-N30,"") | Q30: Non svolto
A31: 18 | B31: 46071 | C31: mer | D31: 0.33333333 | E31: 0.45833333 | F31: 0.33333333 | G31: 0.45833333 | H31: 3 | K31: Sì | M31: =IF(AND(ISNUMBER(D31),ISNUMBER(E31)),IF(E31>D31,(E31-D31)*24,""),"") -> 3 | N31: =IF(AND(ISNUMBER(F31),ISNUMBER(G31)),IF(G31>F31,(G31-F31)*24,""),"") -> 3 | O31: =IF(J31="X",0,IF(ISNUMBER(H31),H31,IF(ISNUMBER(N31),N31,""))) -> 3 | P31: =IF(AND(ISNUMBER(H31),ISNUMBER(N31)),H31-N31,"") -> 0 | Q31: Da verificare – lettura incerta: tot. ore effettive
A32: 19 | B32: 46072 | C32: gio | D32: 0.33333333 | E32: 0.45833333 | F32: 0.33333333 | G32: 0.45833333 | H32: 3 | K32: Sì | M32: =IF(AND(ISNUMBER(D32),ISNUMBER(E32)),IF(E32>D32,(E32-D32)*24,""),"") -> 3 | N32: =IF(AND(ISNUMBER(F32),ISNUMBER(G32)),IF(G32>F32,(G32-F32)*24,""),"") -> 3 | O32: =IF(J32="X",0,IF(ISNUMBER(H32),H32,IF(ISNUMBER(N32),N32,""))) -> 3 | P32: =IF(AND(ISNUMBER(H32),ISNUMBER(N32)),H32-N32,"") -> 0 | Q32: OK
A33: 20 | B33: 46073 | C33: ven | D33: 0.33333333 | E33: 0.45833333 | F33: 0.33333333 | G33: 0.45833333 | H33: 3 | K33: Sì | M33: =IF(AND(ISNUMBER(D33),ISNUMBER(E33)),IF(E33>D33,(E33-D33)*24,""),"") -> 3 | N33: =IF(AND(ISNUMBER(F33),ISNUMBER(G33)),IF(G33>F33,(G33-F33)*24,""),"") -> 3 | O33: =IF(J33="X",0,IF(ISNUMBER(H33),H33,IF(ISNUMBER(N33),N33,""))) -> 3 | P33: =IF(AND(ISNUMBER(H33),ISNUMBER(N33)),H33-N33,"") -> 0 | Q33: OK
A34: 21 | B34: 46074 | C34: sab | M34: =IF(AND(ISNUMBER(D34),ISNUMBER(E34)),IF(E34>D34,(E34-D34)*24,""),"") | N34: =IF(AND(ISNUMBER(F34),ISNUMBER(G34)),IF(G34>F34,(G34-F34)*24,""),"") | O34: =IF(J34="X",0,IF(ISNUMBER(H34),H34,IF(ISNUMBER(N34),N34,""))) | P34: =IF(AND(ISNUMBER(H34),ISNUMBER(N34)),H34-N34,"") | Q34: Sabato
A35: 22 | B35: 46075 | C35: dom | M35: =IF(AND(ISNUMBER(D35),ISNUMBER(E35)),IF(E35>D35,(E35-D35)*24,""),"") | N35: =IF(AND(ISNUMBER(F35),ISNUMBER(G35)),IF(G35>F35,(G35-F35)*24,""),"") | O35: =IF(J35="X",0,IF(ISNUMBER(H35),H35,IF(ISNUMBER(N35),N35,""))) | P35: =IF(AND(ISNUMBER(H35),ISNUMBER(N35)),H35-N35,"") | Q35: Domenica
A36: 23 | B36: 46076 | C36: lun | D36: 0.33333333 | E36: 0.45833333 | F36: 0.33333333 | G36: 0.45833333 | H36: 3 | K36: Sì | M36: =IF(AND(ISNUMBER(D36),ISNUMBER(E36)),IF(E36>D36,(E36-D36)*24,""),"") -> 3 | N36: =IF(AND(ISNUMBER(F36),ISNUMBER(G36)),IF(G36>F36,(G36-F36)*24,""),"") -> 3 | O36: =IF(J36="X",0,IF(ISNUMBER(H36),H36,IF(ISNUMBER(N36),N36,""))) -> 3 | P36: =IF(AND(ISNUMBER(H36),ISNUMBER(N36)),H36-N36,"") -> 0 | Q36: OK
A37: 24 | B37: 46077 | C37: mar | D37: 0.33333333 | E37: 0.45833333 | F37: 0.33333333 | G37: 0.45833333 | H37: 3 | K37: Sì | M37: =IF(AND(ISNUMBER(D37),ISNUMBER(E37)),IF(E37>D37,(E37-D37)*24,""),"") -> 3 | N37: =IF(AND(ISNUMBER(F37),ISNUMBER(G37)),IF(G37>F37,(G37-F37)*24,""),"") -> 3 | O37: =IF(J37="X",0,IF(ISNUMBER(H37),H37,IF(ISNUMBER(N37),N37,""))) -> 3 | P37: =IF(AND(ISNUMBER(H37),ISNUMBER(N37)),H37-N37,"") -> 0 | Q37: OK
A38: 25 | B38: 46078 | C38: mer | D38: 0.33333333 | E38: 0.45833333 | F38: 0.33333333 | G38: 0.45833333 | H38: 3 | K38: Sì | M38: =IF(AND(ISNUMBER(D38),ISNUMBER(E38)),IF(E38>D38,(E38-D38)*24,""),"") -> 3 | N38: =IF(AND(ISNUMBER(F38),ISNUMBER(G38)),IF(G38>F38,(G38-F38)*24,""),"") -> 3 | O38: =IF(J38="X",0,IF(ISNUMBER(H38),H38,IF(ISNUMBER(N38),N38,""))) -> 3 | P38: =IF(AND(ISNUMBER(H38),ISNUMBER(N38)),H38-N38,"") -> 0 | Q38: OK
A39: 26 | B39: 46079 | C39: gio | D39: 0.33333333 | E39: 0.45833333 | F39: 0.33333333 | G39: 0.45833333 | H39: 3 | K39: Sì | M39: =IF(AND(ISNUMBER(D39),ISNUMBER(E39)),IF(E39>D39,(E39-D39)*24,""),"") -> 3 | N39: =IF(AND(ISNUMBER(F39),ISNUMBER(G39)),IF(G39>F39,(G39-F39)*24,""),"") -> 3 | O39: =IF(J39="X",0,IF(ISNUMBER(H39),H39,IF(ISNUMBER(N39),N39,""))) -> 3 | P39: =IF(AND(ISNUMBER(H39),ISNUMBER(N39)),H39-N39,"") -> 0 | Q39: OK
A40: 27 | B40: 46080 | C40: ven | D40: 0.33333333 | E40: 0.45833333 | F40: 0.33333333 | G40: 0.45833333 | H40: 3 | K40: Sì | M40: =IF(AND(ISNUMBER(D40),ISNUMBER(E40)),IF(E40>D40,(E40-D40)*24,""),"") -> 3 | N40: =IF(AND(ISNUMBER(F40),ISNUMBER(G40)),IF(G40>F40,(G40-F40)*24,""),"") -> 3 | O40: =IF(J40="X",0,IF(ISNUMBER(H40),H40,IF(ISNUMBER(N40),N40,""))) -> 3 | P40: =IF(AND(ISNUMBER(H40),ISNUMBER(N40)),H40-N40,"") -> 0 | Q40: OK
A41: 28 | B41: 46081 | C41: sab | M41: =IF(AND(ISNUMBER(D41),ISNUMBER(E41)),IF(E41>D41,(E41-D41)*24,""),"") | N41: =IF(AND(ISNUMBER(F41),ISNUMBER(G41)),IF(G41>F41,(G41-F41)*24,""),"") | O41: =IF(J41="X",0,IF(ISNUMBER(H41),H41,IF(ISNUMBER(N41),N41,""))) | P41: =IF(AND(ISNUMBER(H41),ISNUMBER(N41)),H41-N41,"") | Q41: Sabato
A42: 29 | Q42: Giorno inesistente nel mese
A43: 30 | Q43: Giorno inesistente nel mese
A44: 31 | Q44: Giorno inesistente nel mese
A45: Totale ore effettive mensili (somma dei giorni) | H45: =SUM(H14:H41) -> 52.5 | I45: =COUNTIF(I14:I41,"X") -> 1 | J45: =COUNTIF(J14:J41,"X") -> 0 | K45: =COUNTIF(K14:K41,"Sì") -> 18 | M45: =SUM(M14:M41) -> 60 | N45: =SUM(N14:N41) -> 48 | O45: =SUM(O14:O41) -> 52.5
A47: Confronto con il totale mensile dichiarato | L47: Ore settimanali rispetto alle ore da PEI
A48: Totale ore effettive mensili dichiarato sul foglio | H48: 52.5 | L48: Settimana | M48: Ore riconosciute | N48: Ore PEI attese | O48: Limite PEI settimanale | P48: Differenza ore − attese | Q48: Esito
A49: Somma delle ore giornaliere (colonna «Tot. ore effettive») | H49: =H45 -> 52.5 | L49: 1ª · 01/02 | M49: =SUM(O14:O14) -> 0 | N49: 0 | O49: =IF(ISNUMBER($L$6),$L$6,"") -> 15 | P49: =IF(ISNUMBER(N49),M49-N49,"") -> 0 | Q49: =IF(NOT(ISNUMBER(O49)),"Ore PEI non indicate",IF(M49>O49+0.01,"Oltre il limite PEI","Entro il limite PEI")) -> Entro il limite PEI
A50: Differenza (somma dei giorni − totale dichiarato) | H50: =IF(ISNUMBER(H48),H49-H48,"") -> 0 | L50: 2ª · 02/02 – 08/02 | M50: =SUM(O15:O21) -> 13.5 | N50: 15 | O50: =IF(ISNUMBER($L$6),$L$6,"") -> 15 | P50: =IF(ISNUMBER(N50),M50-N50,"") -> -1.5 | Q50: =IF(NOT(ISNUMBER(O50)),"Ore PEI non indicate",IF(M50>O50+0.01,"Oltre il limite PEI","Entro il limite PEI")) -> Entro il limite PEI
A51: Esito del confronto | H51: =IF(ISNUMBER(H48),IF(ABS(H50)<=0.01,"Corrisponde","Non corrisponde"),IF(ISBLANK(H48),"Totale non indicato","Totale non leggibile")) -> Corrisponde | L51: 3ª · 09/02 – 15/02 | M51: =SUM(O22:O28) -> 15 | N51: 15 | O51: =IF(ISNUMBER($L$6),$L$6,"") -> 15 | P51: =IF(ISNUMBER(N51),M51-N51,"") -> 0 | Q51: =IF(NOT(ISNUMBER(O51)),"Ore PEI non indicate",IF(M51>O51+0.01,"Oltre il limite PEI","Entro il limite PEI")) -> Entro il limite PEI
A52: Ore programmate | H52: =M45 -> 60 | L52: 4ª · 16/02 – 22/02 | M52: =SUM(O29:O35) -> 9 | N52: 15 | O52: =IF(ISNUMBER($L$6),$L$6,"") -> 15 | P52: =IF(ISNUMBER(N52),M52-N52,"") -> -6 | Q52: =IF(NOT(ISNUMBER(O52)),"Ore PEI non indicate",IF(M52>O52+0.01,"Oltre il limite PEI","Entro il limite PEI")) -> Entro il limite PEI
A53: Ore calcolate dagli orari effettivi | H53: =N45 -> 48 | L53: 5ª · 23/02 – 28/02 | M53: =SUM(O36:O41) -> 15 | N53: 15 | O53: =IF(ISNUMBER($L$6),$L$6,"") -> 15 | P53: =IF(ISNUMBER(N53),M53-N53,"") -> 0 | Q53: =IF(NOT(ISNUMBER(O53)),"Ore PEI non indicate",IF(M53>O53+0.01,"Oltre il limite PEI","Entro il limite PEI")) -> Entro il limite PEI
A54: Ore riconosciute | H54: =O45 -> 52.5 | L54: Totale mese | M54: =SUM(M49:M53) -> 52.5 | N54: =SUM(N49:N53) -> 60 | P54: =IF(ISNUMBER(N54),M54-N54,"") -> -7.5
A55: Giorni lavorati (con ore riconosciute) | H55: =COUNTIF(O14:O41,">0") -> 18 | L55: Ore PEI attese: limite settimanale proporzionato ai giorni scolastici della settimana compresi nel mese.
A56: Assenze alunno | H56: =I45 -> 1
A57: Assenze operatore | H57: =J45 -> 0
A59: Anomalie e segnalazioni (6)
A60: Gravità | C60: Giorno | D60: Controllo | H60: Descrizione
A61: Attenzione | D61: W04 · Lettura incerta | H61: Lettura incerta del campo «Alunno» (valore letto: BIANCHI LUCA); verificare sulla scansione.
A62: Info | C62: 4 | D62: I01 · Assenza alunno | H62: Giorno 4: assenza dell'alunno; riconosciute 1,5 ore su 3 programmate (50%).
A63: Errore | C63: 12 | D63: E05 · Campo illeggibile | H63: Giorno 12: campo «Uscita effettiva» illeggibile: da leggere sulla scansione e inserire a mano.
A64: Info | C64: 16 | D64: I05 · Prestazione non svolta | H64: Giorno 16: prestazione programmata non svolta (orario programmato 08:00–11:00) – nota «PONTE DI CARNEVALE».
A65: Info | C65: 17 | D65: I05 · Prestazione non svolta | H65: Giorno 17: prestazione programmata non svolta (orario programmato 08:00–11:00) – nota «PONTE DI CARNEVALE».
A66: Attenzione | C66: 18 | D66: W04 · Lettura incerta | H66: Giorno 18: lettura incerta del campo «Tot. ore effettive» (valore letto: 3); verificare sulla scansione.
A68: Fonte: fogli_firma_febbraio.pdf, pagina 1 di 2 · Lettura: Claude Vision (Anthropic) – modello claude-opus-5-5 · affidabilità complessiva 91% · ultimo aggiornamento 02/04/2026 07:42 · rif. documento a1b2c3d4e5f6
A69: Celle evidenziate: rosso = illeggibile · ambra = lettura incerta · blu = corretto a mano · grigio = sabato, domenica o festivo. Passare con il mouse sulla cella per il dettaglio.
A70: ‹ Torna al Riepilogo

Sheet ROSSI M. 03-2026
A1: COMUNE DI NAPOLI · Assistenza Specialistica | Q1: Foglio 4 di 4
A2: Foglio firma mensile · Assistenza Specialistica all'integrazione scolastica destinato agli alunni disabili · Anno scolastico 2025/2026
Q4: ‹ Torna al Riepilogo
A5: Ente | D5: COOPERATIVA SOCIALE SIRIO | I5: Mese/anno di riferimento | L5: 46082 | O5: STATO DEL DOCUMENTO
A6: Istituto scolastico | D6: IC 12 VITTORIO EMANUELE | I6: Ore da PEI (settimanali) | L6: 15 | O6: ERRORI
A7: Operatore | D7: ROSSI MARIO | I7: Sostituzione | L7: No
A8: Alunno | D8: BIANCHI LUCA | I8: Data di compilazione | L8: 46112 | O8: 2 errori · 2 attenzioni · 2 informazioni
A9: Lotto | D9: 1 | I9: Firma coordinatore ente | L9: Presente | O9: 0 campi illeggibili · 1 lettura incerta · 0 correzioni manuali
A10: Municipalità | D10: 2 | I10: Timbro referente scolastico | L10: Presente | O10: Non ancora confermato in revisione
M11: Calcoli e controlli di Sirio OCR
A12: Giorno | B12: Data | C12: Gg. | D12: Orario programmato | F12: Orario effettivo | H12: Tot. ore effettive | I12: Assenza alunno | J12: Assenza operatore | K12: Firma operatore | L12: Note | M12: Ore programmate | N12: Ore calcolate | O12: Ore riconosciute | P12: Differenza dich. − calc. | Q12: Esito dei controlli
D13: Entrata | E13: Uscita | F13: Entrata | G13: Uscita
A14: 1 | B14: 46082 | C14: dom | M14: =IF(AND(ISNUMBER(D14),ISNUMBER(E14)),IF(E14>D14,(E14-D14)*24,""),"") | N14: =IF(AND(ISNUMBER(F14),ISNUMBER(G14)),IF(G14>F14,(G14-F14)*24,""),"") | O14: =IF(J14="X",0,IF(ISNUMBER(H14),H14,IF(ISNUMBER(N14),N14,""))) | P14: =IF(AND(ISNUMBER(H14),ISNUMBER(N14)),H14-N14,"") | Q14: Domenica
A15: 2 | B15: 46083 | C15: lun | D15: 0.33333333 | E15: 0.45833333 | F15: 0.33333333 | G15: 0.45833333 | H15: 3 | K15: Sì | M15: =IF(AND(ISNUMBER(D15),ISNUMBER(E15)),IF(E15>D15,(E15-D15)*24,""),"") -> 3 | N15: =IF(AND(ISNUMBER(F15),ISNUMBER(G15)),IF(G15>F15,(G15-F15)*24,""),"") -> 3 | O15: =IF(J15="X",0,IF(ISNUMBER(H15),H15,IF(ISNUMBER(N15),N15,""))) -> 3 | P15: =IF(AND(ISNUMBER(H15),ISNUMBER(N15)),H15-N15,"") -> 0 | Q15: OK
A16: 3 | B16: 46084 | C16: mar | D16: 0.33333333 | E16: 0.45833333 | F16: 0.33333333 | G16: 0.45833333 | H16: 3 | K16: Sì | M16: =IF(AND(ISNUMBER(D16),ISNUMBER(E16)),IF(E16>D16,(E16-D16)*24,""),"") -> 3 | N16: =IF(AND(ISNUMBER(F16),ISNUMBER(G16)),IF(G16>F16,(G16-F16)*24,""),"") -> 3 | O16: =IF(J16="X",0,IF(ISNUMBER(H16),H16,IF(ISNUMBER(N16),N16,""))) -> 3 | P16: =IF(AND(ISNUMBER(H16),ISNUMBER(N16)),H16-N16,"") -> 0 | Q16: OK
A17: 4 | B17: 46085 | C17: mer | D17: 0.33333333 | E17: 0.45833333 | F17: 0.33333333 | G17: 0.45833333 | H17: 3 | K17: Sì | M17: =IF(AND(ISNUMBER(D17),ISNUMBER(E17)),IF(E17>D17,(E17-D17)*24,""),"") -> 3 | N17: =IF(AND(ISNUMBER(F17),ISNUMBER(G17)),IF(G17>F17,(G17-F17)*24,""),"") -> 3 | O17: =IF(J17="X",0,IF(ISNUMBER(H17),H17,IF(ISNUMBER(N17),N17,""))) -> 3 | P17: =IF(AND(ISNUMBER(H17),ISNUMBER(N17)),H17-N17,"") -> 0 | Q17: OK
A18: 5 | B18: 46086 | C18: gio | D18: 0.33333333 | E18: 0.45833333 | F18: 0.33333333 | G18: 0.45833333 | H18: 3 | K18: Sì | M18: =IF(AND(ISNUMBER(D18),ISNUMBER(E18)),IF(E18>D18,(E18-D18)*24,""),"") -> 3 | N18: =IF(AND(ISNUMBER(F18),ISNUMBER(G18)),IF(G18>F18,(G18-F18)*24,""),"") -> 3 | O18: =IF(J18="X",0,IF(ISNUMBER(H18),H18,IF(ISNUMBER(N18),N18,""))) -> 3 | P18: =IF(AND(ISNUMBER(H18),ISNUMBER(N18)),H18-N18,"") -> 0 | Q18: OK
A19: 6 | B19: 46087 | C19: ven | D19: 0.33333333 | E19: 0.45833333 | F19: 0.33333333 | G19: 0.45833333 | H19: 3 | K19: Sì | M19: =IF(AND(ISNUMBER(D19),ISNUMBER(E19)),IF(E19>D19,(E19-D19)*24,""),"") -> 3 | N19: =IF(AND(ISNUMBER(F19),ISNUMBER(G19)),IF(G19>F19,(G19-F19)*24,""),"") -> 3 | O19: =IF(J19="X",0,IF(ISNUMBER(H19),H19,IF(ISNUMBER(N19),N19,""))) -> 3 | P19: =IF(AND(ISNUMBER(H19),ISNUMBER(N19)),H19-N19,"") -> 0 | Q19: OK
A20: 7 | B20: 46088 | C20: sab | M20: =IF(AND(ISNUMBER(D20),ISNUMBER(E20)),IF(E20>D20,(E20-D20)*24,""),"") | N20: =IF(AND(ISNUMBER(F20),ISNUMBER(G20)),IF(G20>F20,(G20-F20)*24,""),"") | O20: =IF(J20="X",0,IF(ISNUMBER(H20),H20,IF(ISNUMBER(N20),N20,""))) | P20: =IF(AND(ISNUMBER(H20),ISNUMBER(N20)),H20-N20,"") | Q20: Sabato
A21: 8 | B21: 46089 | C21: dom | M21: =IF(AND(ISNUMBER(D21),ISNUMBER(E21)),IF(E21>D21,(E21-D21)*24,""),"") | N21: =IF(AND(ISNUMBER(F21),ISNUMBER(G21)),IF(G21>F21,(G21-F21)*24,""),"") | O21: =IF(J21="X",0,IF(ISNUMBER(H21),H21,IF(ISNUMBER(N21),N21,""))) | P21: =IF(AND(ISNUMBER(H21),ISNUMBER(N21)),H21-N21,"") | Q21: Domenica
A22: 9 | B22: 46090 | C22: lun | D22: 0.33333333 | E22: 0.45833333 | F22: 0.33333333 | G22: 0.45833333 | H22: 3 | K22: Sì | M22: =IF(AND(ISNUMBER(D22),ISNUMBER(E22)),IF(E22>D22,(E22-D22)*24,""),"") -> 3 | N22: =IF(AND(ISNUMBER(F22),ISNUMBER(G22)),IF(G22>F22,(G22-F22)*24,""),"") -> 3 | O22: =IF(J22="X",0,IF(ISNUMBER(H22),H22,IF(ISNUMBER(N22),N22,""))) -> 3 | P22: =IF(AND(ISNUMBER(H22),ISNUMBER(N22)),H22-N22,"") -> 0 | Q22: OK
A23: 10 | B23: 46091 | C23: mar | D23: 0.33333333 | E23: 0.45833333 | F23: 0.33333333 | G23: 0.45833333 | H23: 3 | K23: Sì | M23: =IF(AND(ISNUMBER(D23),ISNUMBER(E23)),IF(E23>D23,(E23-D23)*24,""),"") -> 3 | N23: =IF(AND(ISNUMBER(F23),ISNUMBER(G23)),IF(G23>F23,(G23-F23)*24,""),"") -> 3 | O23: =IF(J23="X",0,IF(ISNUMBER(H23),H23,IF(ISNUMBER(N23),N23,""))) -> 3 | P23: =IF(AND(ISNUMBER(H23),ISNUMBER(N23)),H23-N23,"") -> 0 | Q23: OK
A24: 11 | B24: 46092 | C24: mer | D24: 0.33333333 | E24: 0.45833333 | F24: 0.33333333 | G24: 0.4375 | H24: 3 | K24: Sì | M24: =IF(AND(ISNUMBER(D24),ISNUMBER(E24)),IF(E24>D24,(E24-D24)*24,""),"") -> 3 | N24: =IF(AND(ISNUMBER(F24),ISNUMBER(G24)),IF(G24>F24,(G24-F24)*24,""),"") -> 2.5 | O24: =IF(J24="X",0,IF(ISNUMBER(H24),H24,IF(ISNUMBER(N24),N24,""))) -> 3 | P24: =IF(AND(ISNUMBER(H24),ISNUMBER(N24)),H24-N24,"") -> 0.5 | Q24: Errore – ore non coerenti con l'orario
A25: 12 | B25: 46093 | C25: gio | D25: 0.33333333 | E25: 0.45833333 | F25: 0.33333333 | G25: 0.45833333 | H25: 3 | K25: Sì | M25: =IF(AND(ISNUMBER(D25),ISNUMBER(E25)),IF(E25>D25,(E25-D25)*24,""),"") -> 3 | N25: =IF(AND(ISNUMBER(F25),ISNUMBER(G25)),IF(G25>F25,(G25-F25)*24,""),"") -> 3 | O25: =IF(J25="X",0,IF(ISNUMBER(H25),H25,IF(ISNUMBER(N25),N25,""))) -> 3 | P25: =IF(AND(ISNUMBER(H25),ISNUMBER(N25)),H25-N25,"") -> 0 | Q25: OK
A26: 13 | B26: 46094 | C26: ven | D26: 0.33333333 | E26: 0.45833333 | F26: 0.33333333 | G26: 0.45833333 | H26: 3 | K26: Sì | M26: =IF(AND(ISNUMBER(D26),ISNUMBER(E26)),IF(E26>D26,(E26-D26)*24,""),"") -> 3 | N26: =IF(AND(ISNUMBER(F26),ISNUMBER(G26)),IF(G26>F26,(G26-F26)*24,""),"") -> 3 | O26: =IF(J26="X",0,IF(ISNUMBER(H26),H26,IF(ISNUMBER(N26),N26,""))) -> 3 | P26: =IF(AND(ISNUMBER(H26),ISNUMBER(N26)),H26-N26,"") -> 0 | Q26: OK
A27: 14 | B27: 46095 | C27: sab | M27: =IF(AND(ISNUMBER(D27),ISNUMBER(E27)),IF(E27>D27,(E27-D27)*24,""),"") | N27: =IF(AND(ISNUMBER(F27),ISNUMBER(G27)),IF(G27>F27,(G27-F27)*24,""),"") | O27: =IF(J27="X",0,IF(ISNUMBER(H27),H27,IF(ISNUMBER(N27),N27,""))) | P27: =IF(AND(ISNUMBER(H27),ISNUMBER(N27)),H27-N27,"") | Q27: Sabato
A28: 15 | B28: 46096 | C28: dom | M28: =IF(AND(ISNUMBER(D28),ISNUMBER(E28)),IF(E28>D28,(E28-D28)*24,""),"") | N28: =IF(AND(ISNUMBER(F28),ISNUMBER(G28)),IF(G28>F28,(G28-F28)*24,""),"") | O28: =IF(J28="X",0,IF(ISNUMBER(H28),H28,IF(ISNUMBER(N28),N28,""))) | P28: =IF(AND(ISNUMBER(H28),ISNUMBER(N28)),H28-N28,"") | Q28: Domenica
A29: 16 | B29: 46097 | C29: lun | D29: 0.33333333 | E29: 0.45833333 | F29: 0.33333333 | G29: 0.45833333 | H29: 3 | K29: Sì | M29: =IF(AND(ISNUMBER(D29),ISNUMBER(E29)),IF(E29>D29,(E29-D29)*24,""),"") -> 3 | N29: =IF(AND(ISNUMBER(F29),ISNUMBER(G29)),IF(G29>F29,(G29-F29)*24,""),"") -> 3 | O29: =IF(J29="X",0,IF(ISNUMBER(H29),H29,IF(ISNUMBER(N29),N29,""))) -> 3 | P29: =IF(AND(ISNUMBER(H29),ISNUMBER(N29)),H29-N29,"") -> 0 | Q29: OK
A30: 17 | B30: 46098 | C30: mar | D30: 0.33333333 | E30: 0.45833333 | F30: 0.33333333 | G30: 0.45833333 | H30: 3 | K30: Sì | M30: =IF(AND(ISNUMBER(D30),ISNUMBER(E30)),IF(E30>D30,(E30-D30)*24,""),"") -> 3 | N30: =IF(AND(ISNUMBER(F30),ISNUMBER(G30)),IF(G30>F30,(G30-F30)*24,""),"") -> 3 | O30: =IF(J30="X",0,IF(ISNUMBER(H30),H30,IF(ISNUMBER(N30),N30,""))) -> 3 | P30: =IF(AND(ISNUMBER(H30),ISNUMBER(N30)),H30-N30,"") -> 0 | Q30: OK
A31: 18 | B31: 46099 | C31: mer | D31: 0.33333333 | E31: 0.45833333 | F31: 0.33333333 | G31: 0.45833333 | H31: 3 | K31: Sì | M31: =IF(AND(ISNUMBER(D31),ISNUMBER(E31)),IF(E31>D31,(E31-D31)*24,""),"") -> 3 | N31: =IF(AND(ISNUMBER(F31),ISNUMBER(G31)),IF(G31>F31,(G31-F31)*24,""),"") -> 3 | O31: =IF(J31="X",0,IF(ISNUMBER(H31),H31,IF(ISNUMBER(N31),N31,""))) -> 3 | P31: =IF(AND(ISNUMBER(H31),ISNUMBER(N31)),H31-N31,"") -> 0 | Q31: OK
A32: 19 | B32: 46100 | C32: gio | D32: 0.33333333 | E32: 0.45833333 | F32: – | G32: – | H32: 1.5 | I32: X | K32: Sì | M32: =IF(AND(ISNUMBER(D32),ISNUMBER(E32)),IF(E32>D32,(E32-D32)*24,""),"") -> 3 | N32: =IF(AND(ISNUMBER(F32),ISNUMBER(G32)),IF(G32>F32,(G32-F32)*24,""),"") | O32: =IF(J32="X",0,IF(ISNUMBER(H32),H32,IF(ISNUMBER(N32),N32,""))) -> 1.5 | P32: =IF(AND(ISNUMBER(H32),ISNUMBER(N32)),H32-N32,"") | Q32: Assenza alunno
A33: 20 | B33: 46101 | C33: ven | D33: 0.33333333 | E33: 0.45833333 | F33: 0.33333333 | G33: 0.45833333 | H33: 3 | K33: Sì | M33: =IF(AND(ISNUMBER(D33),ISNUMBER(E33)),IF(E33>D33,(E33-D33)*24,""),"") -> 3 | N33: =IF(AND(ISNUMBER(F33),ISNUMBER(G33)),IF(G33>F33,(G33-F33)*24,""),"") -> 3 | O33: =IF(J33="X",0,IF(ISNUMBER(H33),H33,IF(ISNUMBER(N33),N33,""))) -> 3 | P33: =IF(AND(ISNUMBER(H33),ISNUMBER(N33)),H33-N33,"") -> 0 | Q33: OK
A34: 21 | B34: 46102 | C34: sab | M34: =IF(AND(ISNUMBER(D34),ISNUMBER(E34)),IF(E34>D34,(E34-D34)*24,""),"") | N34: =IF(AND(ISNUMBER(F34),ISNUMBER(G34)),IF(G34>F34,(G34-F34)*24,""),"") | O34: =IF(J34="X",0,IF(ISNUMBER(H34),H34,IF(ISNUMBER(N34),N34,""))) | P34: =IF(AND(ISNUMBER(H34),ISNUMBER(N34)),H34-N34,"") | Q34: Sabato
A35: 22 | B35: 46103 | C35: dom | M35: =IF(AND(ISNUMBER(D35),ISNUMBER(E35)),IF(E35>D35,(E35-D35)*24,""),"") | N35: =IF(AND(ISNUMBER(F35),ISNUMBER(G35)),IF(G35>F35,(G35-F35)*24,""),"") | O35: =IF(J35="X",0,IF(ISNUMBER(H35),H35,IF(ISNUMBER(N35),N35,""))) | P35: =IF(AND(ISNUMBER(H35),ISNUMBER(N35)),H35-N35,"") | Q35: Domenica
A36: 23 | B36: 46104 | C36: lun | D36: 0.33333333 | E36: 0.45833333 | F36: 0.33333333 | G36: 0.45833333 | H36: 3 | K36: Sì | M36: =IF(AND(ISNUMBER(D36),ISNUMBER(E36)),IF(E36>D36,(E36-D36)*24,""),"") -> 3 | N36: =IF(AND(ISNUMBER(F36),ISNUMBER(G36)),IF(G36>F36,(G36-F36)*24,""),"") -> 3 | O36: =IF(J36="X",0,IF(ISNUMBER(H36),H36,IF(ISNUMBER(N36),N36,""))) -> 3 | P36: =IF(AND(ISNUMBER(H36),ISNUMBER(N36)),H36-N36,"") -> 0 | Q36: Da verificare – lettura incerta: uscita programmata
A37: 24 | B37: 46105 | C37: mar | D37: 0.33333333 | E37: 0.45833333 | F37: 0.33333333 | G37: 0.45833333 | H37: 3 | K37: Sì | M37: =IF(AND(ISNUMBER(D37),ISNUMBER(E37)),IF(E37>D37,(E37-D37)*24,""),"") -> 3 | N37: =IF(AND(ISNUMBER(F37),ISNUMBER(G37)),IF(G37>F37,(G37-F37)*24,""),"") -> 3 | O37: =IF(J37="X",0,IF(ISNUMBER(H37),H37,IF(ISNUMBER(N37),N37,""))) -> 3 | P37: =IF(AND(ISNUMBER(H37),ISNUMBER(N37)),H37-N37,"") -> 0 | Q37: OK
A38: 25 | B38: 46106 | C38: mer | D38: 0.33333333 | E38: 0.45833333 | F38: 0.33333333 | G38: 0.45833333 | H38: 3 | K38: No | M38: =IF(AND(ISNUMBER(D38),ISNUMBER(E38)),IF(E38>D38,(E38-D38)*24,""),"") -> 3 | N38: =IF(AND(ISNUMBER(F38),ISNUMBER(G38)),IF(G38>F38,(G38-F38)*24,""),"") -> 3 | O38: =IF(J38="X",0,IF(ISNUMBER(H38),H38,IF(ISNUMBER(N38),N38,""))) -> 3 | P38: =IF(AND(ISNUMBER(H38),ISNUMBER(N38)),H38-N38,"") -> 0 | Q38: Da verificare – firma operatore mancante
A39: 26 | B39: 46107 | C39: gio | D39: 0.33333333 | E39: 0.45833333 | F39: 0.33333333 | G39: 0.45833333 | H39: 3 | K39: Sì | M39: =IF(AND(ISNUMBER(D39),ISNUMBER(E39)),IF(E39>D39,(E39-D39)*24,""),"") -> 3 | N39: =IF(AND(ISNUMBER(F39),ISNUMBER(G39)),IF(G39>F39,(G39-F39)*24,""),"") -> 3 | O39: =IF(J39="X",0,IF(ISNUMBER(H39),H39,IF(ISNUMBER(N39),N39,""))) -> 3 | P39: =IF(AND(ISNUMBER(H39),ISNUMBER(N39)),H39-N39,"") -> 0 | Q39: OK
A40: 27 | B40: 46108 | C40: ven | D40: 0.33333333 | E40: 0.45833333 | F40: 0.33333333 | G40: 0.45833333 | H40: 3 | K40: Sì | M40: =IF(AND(ISNUMBER(D40),ISNUMBER(E40)),IF(E40>D40,(E40-D40)*24,""),"") -> 3 | N40: =IF(AND(ISNUMBER(F40),ISNUMBER(G40)),IF(G40>F40,(G40-F40)*24,""),"") -> 3 | O40: =IF(J40="X",0,IF(ISNUMBER(H40),H40,IF(ISNUMBER(N40),N40,""))) -> 3 | P40: =IF(AND(ISNUMBER(H40),ISNUMBER(N40)),H40-N40,"") -> 0 | Q40: OK
A41: 28 | B41: 46109 | C41: sab | M41: =IF(AND(ISNUMBER(D41),ISNUMBER(E41)),IF(E41>D41,(E41-D41)*24,""),"") | N41: =IF(AND(ISNUMBER(F41),ISNUMBER(G41)),IF(G41>F41,(G41-F41)*24,""),"") | O41: =IF(J41="X",0,IF(ISNUMBER(H41),H41,IF(ISNUMBER(N41),N41,""))) | P41: =IF(AND(ISNUMBER(H41),ISNUMBER(N41)),H41-N41,"") | Q41: Sabato
A42: 29 | B42: 46110 | C42: dom | M42: =IF(AND(ISNUMBER(D42),ISNUMBER(E42)),IF(E42>D42,(E42-D42)*24,""),"") | N42: =IF(AND(ISNUMBER(F42),ISNUMBER(G42)),IF(G42>F42,(G42-F42)*24,""),"") | O42: =IF(J42="X",0,IF(ISNUMBER(H42),H42,IF(ISNUMBER(N42),N42,""))) | P42: =IF(AND(ISNUMBER(H42),ISNUMBER(N42)),H42-N42,"") | Q42: Domenica
A43: 30 | B43: 46111 | C43: lun | D43: 0.33333333 | E43: 0.45833333 | F43: 0.33333333 | G43: 0.45833333 | H43: 3 | K43: Sì | M43: =IF(AND(ISNUMBER(D43),ISNUMBER(E43)),IF(E43>D43,(E43-D43)*24,""),"") -> 3 | N43: =IF(AND(ISNUMBER(F43),ISNUMBER(G43)),IF(G43>F43,(G43-F43)*24,""),"") -> 3 | O43: =IF(J43="X",0,IF(ISNUMBER(H43),H43,IF(ISNUMBER(N43),N43,""))) -> 3 | P43: =IF(AND(ISNUMBER(H43),ISNUMBER(N43)),H43-N43,"") -> 0 | Q43: OK
A44: 31 | B44: 46112 | C44: mar | D44: 0.33333333 | E44: 0.45833333 | F44: 0.33333333 | G44: 0.45833333 | H44: 3 | K44: Sì | M44: =IF(AND(ISNUMBER(D44),ISNUMBER(E44)),IF(E44>D44,(E44-D44)*24,""),"") -> 3 | N44: =IF(AND(ISNUMBER(F44),ISNUMBER(G44)),IF(G44>F44,(G44-F44)*24,""),"") -> 3 | O44: =IF(J44="X",0,IF(ISNUMBER(H44),H44,IF(ISNUMBER(N44),N44,""))) -> 3 | P44: =IF(AND(ISNUMBER(H44),ISNUMBER(N44)),H44-N44,"") -> 0 | Q44: OK
A45: Totale ore effettive mensili (somma dei giorni) | H45: =SUM(H14:H44) -> 64.5 | I45: =COUNTIF(I14:I44,"X") -> 1 | J45: =COUNTIF(J14:J44,"X") -> 0 | K45: =COUNTIF(K14:K44,"Sì") -> 21 | M45: =SUM(M14:M44) -> 66 | N45: =SUM(N14:N44) -> 62.5 | O45: =SUM(O14:O44) -> 64.5
A47: Confronto con il totale mensile dichiarato | L47: Ore settimanali rispetto alle ore da PEI
A48: Totale ore effettive mensili dichiarato sul foglio | H48: 64 | L48: Settimana | M48: Ore riconosciute | N48: Ore PEI attese | O48: Limite PEI settimanale | P48: Differenza ore − attese | Q48: Esito
A49: Somma delle ore giornaliere (colonna «Tot. ore effettive») | H49: =H45 -> 64.5 | L49: 1ª · 01/03 | M49: =SUM(O14:O14) -> 0 | N49: 0 | O49: =IF(ISNUMBER($L$6),$L$6,"") -> 15 | P49: =IF(ISNUMBER(N49),M49-N49,"") -> 0 | Q49: =IF(NOT(ISNUMBER(O49)),"Ore PEI non indicate",IF(M49>O49+0.01,"Oltre il limite PEI","Entro il limite PEI")) -> Entro il limite PEI
A50: Differenza (somma dei giorni − totale dichiarato) | H50: =IF(ISNUMBER(H48),H49-H48,"") -> 0.5 | L50: 2ª · 02/03 – 08/03 | M50: =SUM(O15:O21) -> 15 | N50: 15 | O50: =IF(ISNUMBER($L$6),$L$6,"") -> 15 | P50: =IF(ISNUMBER(N50),M50-N50,"") -> 0 | Q50: =IF(NOT(ISNUMBER(O50)),"Ore PEI non indicate",IF(M50>O50+0.01,"Oltre il limite PEI","Entro il limite PEI")) -> Entro il limite PEI
A51: Esito del confronto | H51: =IF(ISNUMBER(H48),IF(ABS(H50)<=0.01,"Corrisponde","Non corrisponde"),IF(ISBLANK(H48),"Totale non indicato","Totale non leggibile")) -> Non corrisponde | L51: 3ª · 09/03 – 15/03 | M51: =SUM(O22:O28) -> 15 | N51: 15 | O51: =IF(ISNUMBER($L$6),$L$6,"") -> 15 | P51: =IF(ISNUMBER(N51),M51-N51,"") -> 0 | Q51: =IF(NOT(ISNUMBER(O51)),"Ore PEI non indicate",IF(M51>O51+0.01,"Oltre il limite PEI","Entro il limite PEI")) -> Entro il limite PEI
A52: Ore programmate | H52: =M45 -> 66 | L52: 4ª · 16/03 – 22/03 | M52: =SUM(O29:O35) -> 13.5 | N52: 15 | O52: =IF(ISNUMBER($L$6),$L$6,"") -> 15 | P52: =IF(ISNUMBER(N52),M52-N52,"") -> -1.5 | Q52: =IF(NOT(ISNUMBER(O52)),"Ore PEI non indicate",IF(M52>O52+0.01,"Oltre il limite PEI","Entro il limite PEI")) -> Entro il limite PEI
A53: Ore calcolate dagli orari effettivi | H53: =N45 -> 62.5 | L53: 5ª · 23/03 – 29/03 | M53: =SUM(O36:O42) -> 15 | N53: 15 | O53: =IF(ISNUMBER($L$6),$L$6,"") -> 15 | P53: =IF(ISNUMBER(N53),M53-N53,"") -> 0 | Q53: =IF(NOT(ISNUMBER(O53)),"Ore PEI non indicate",IF(M53>O53+0.01,"Oltre il limite PEI","Entro il limite PEI")) -> Entro il limite PEI
A54: Ore riconosciute | H54: =O45 -> 64.5 | L54: 6ª · 30/03 – 31/03 | M54: =SUM(O43:O44) -> 6 | N54: 6 | O54: =IF(ISNUMBER($L$6),$L$6,"") -> 15 | P54: =IF(ISNUMBER(N54),M54-N54,"") -> 0 | Q54: =IF(NOT(ISNUMBER(O54)),"Ore PEI non indicate",IF(M54>O54+0.01,"Oltre il limite PEI","Entro il limite PEI")) -> Entro il limite PEI
A55: Giorni lavorati (con ore riconosciute) | H55: =COUNTIF(O14:O44,">0") -> 22 | L55: Totale mese | M55: =SUM(M49:M54) -> 64.5 | N55: =SUM(N49:N54) -> 66 | P55: =IF(ISNUMBER(N55),M55-N55,"") -> -1.5
A56: Assenze alunno | H56: =I45 -> 1 | L56: Ore PEI attese: limite settimanale proporzionato ai giorni scolastici della settimana compresi nel mese.
A57: Assenze operatore | H57: =J45 -> 0
A59: Anomalie e segnalazioni (6)
A60: Gravità | C60: Giorno | D60: Controllo | H60: Descrizione
A61: Errore | D61: E02 · Totale mensile diverso dalla somma | H61: Totale mensile dichiarato 64 ore, somma dei giorni 64,5 ore (differenza 0,5).
A62: Errore | C62: 11 | D62: E01 · Ore non coerenti con l'orario | H62: Giorno 11: dichiarate 3 ore ma l'orario effettivo 08:00–10:30 corrisponde a 2,5 ore.
A63: Info | C63: 11 | D63: I03 · Orario diverso dal programmato | H63: Giorno 11: orario effettivo 08:00–10:30 diverso dal programmato 08:00–11:00.
A64: Info | C64: 19 | D64: I01 · Assenza alunno | H64: Giorno 19: assenza dell'alunno; riconosciute 1,5 ore su 3 programmate (50%).
A65: Attenzione | C65: 23 | D65: W04 · Lettura incerta | H65: Giorno 23: lettura incerta del campo «Uscita programmata» (valore letto: 11:00); verificare sulla scansione.
A66: Attenzione | C66: 25 | D66: W01 · Firma operatore mancante | H66: Giorno 25: manca la firma dell'operatore (orario 08:00–11:00, 3 ore dichiarate).
A68: Fonte: rossi_marzo.pdf · Lettura: Claude Vision (Anthropic) – modello claude-opus-5-5 · affidabilità complessiva 93% · ultimo aggiornamento 02/04/2026 07:42 · rif. documento c3d4e5f6a1b2
A69: Celle evidenziate: rosso = illeggibile · ambra = lettura incerta · blu = corretto a mano · grigio = sabato, domenica o festivo. Passare con il mouse sulla cella per il dettaglio.
A70: ‹ Torna al Riepilogo

Sheet Anomalie
A1: Anomalie e segnalazioni
A2: Febbraio – Marzo 2026 · 20 segnalazioni: 3 errori, 8 attenzioni, 9 informazioni
A4: Fare clic sul nome dell'operatore per aprire la scheda del foglio firma al giorno indicato. Usare i filtri dell'intestazione per selezionare gravità o codice (es. E05 = campi illeggibili).
A5: N. | B5: Operatore | C5: Alunno | D5: Mese | E5: Giorno | F5: Data | G5: Gravità | H5: Codice | I5: Controllo | J5: Campo | K5: Descrizione | L5: Valore letto | M5: Valore atteso
A6: 1 | B6: DE LUCA GIOVANNA | C6: NERI MATTEO | D6: 46082 | G6: Attenzione | H6: W04_CAMPO_INCERTO | I6: Lettura incerta | J6: Ore da PEI | K6: Lettura incerta del campo «Ore da PEI» (valore letto: 10); verificare sulla scansione. | L6: 10
A7: 2 | B7: DE LUCA GIOVANNA | C7: NERI MATTEO | D7: 46082 | G7: Attenzione | H7: W09_TIMBRO_REFERENTE_MANCANTE | I7: Timbro referente mancante | J7: Timbro e firma referente scolastico | K7: Mancano il timbro e la firma del referente scolastico in calce al foglio. | L7: assente
A8: 3 | B8: DE LUCA GIOVANNA | C8: NERI MATTEO | D8: 46082 | G8: Attenzione | H8: W06_ORE_PEI_SUPERATE | I8: Ore PEI superate | J8: Ore da PEI | K8: Settimana 3 (dal 9 all 15 marzo): 12 ore, oltre il limite settimanale del PEI (10 ore; eccedenza 2 ore). | L8: 12 | M8: 10
A9: 4 | B9: DE LUCA GIOVANNA | C9: NERI MATTEO | D9: 46082 | G9: Attenzione | H9: W06_ORE_PEI_SUPERATE | I9: Ore PEI superate | J9: Ore da PEI | K9: Settimana 4 (dal 16 all 22 marzo): 10,25 ore, oltre il limite settimanale del PEI (10 ore; eccedenza 0,25 ore). | L9: 10.25 | M9: 10
A10: 5 | B10: DE LUCA GIOVANNA | C10: NERI MATTEO | D10: 46082 | E10: 14 | F10: 46095 | G10: Info | H10: W03_GIORNO_FESTIVO | I10: Prestazione in giorno non lavorativo | K10: Giorno 14 (sabato): prestazione registrata di sabato; verificare che sia prevista dal calendario scolastico.
A11: 6 | B11: DE LUCA GIOVANNA | C11: NERI MATTEO | D11: 46082 | E11: 14 | F11: 46095 | G11: Info | H11: I04_ORE_SENZA_PROGRAMMATO | I11: Orario senza programmato | J11: Entrata programmata | K11: Giorno 14: orario effettivo 09:00–11:00 senza orario programmato. | L11: 09:00–11:00
A12: 7 | B12: DE LUCA GIOVANNA | C12: NERI MATTEO | D12: 46082 | E12: 20 | F12: 46101 | G12: Info | H12: I03_ORARIO_DIVERSO | I12: Orario diverso dal programmato | J12: Uscita effettiva | K12: Giorno 20: orario effettivo 09:00–11:15 diverso dal programmato 09:00–11:00. | L12: 09:00–11:15 | M12: 09:00–11:00
A13: 8 | B13: ESPOSITO ANNA | C13: VERDI SOFIA | D13: 46054 | E13: 10 | F13: 46063 | G13: Info | H13: I02_ASSENZA_OPERATORE | I13: Assenza operatore | J13: Assenza operatore | K13: Giorno 10: assenza dell'operatore – nota «104» (permesso Legge 104/1992); 3 ore programmate non svolte. | L13: 104
A14: 9 | B14: ROSSI MARIO | C14: BIANCHI LUCA | D14: 46054 | G14: Attenzione | H14: W04_CAMPO_INCERTO | I14: Lettura incerta | J14: Alunno | K14: Lettura incerta del campo «Alunno» (valore letto: BIANCHI LUCA); verificare sulla scansione. | L14: BIANCHI LUCA
A15: 10 | B15: ROSSI MARIO | C15: BIANCHI LUCA | D15: 46054 | E15: 4 | F15: 46057 | G15: Info | H15: I01_ASSENZA_ALUNNO | I15: Assenza alunno | J15: Assenza alunno | K15: Giorno 4: assenza dell'alunno; riconosciute 1,5 ore su 3 programmate (50%). | L15: 1.5 | M15: 3
A16: 11 | B16: ROSSI MARIO | C16: BIANCHI LUCA | D16: 46054 | E16: 12 | F16: 46065 | G16: Errore | H16: E05_CAMPO_ILLEGGIBILE | I16: Campo illeggibile | J16: Uscita effettiva | K16: Giorno 12: campo «Uscita effettiva» illeggibile: da leggere sulla scansione e inserire a mano.
A17: 12 | B17: ROSSI MARIO | C17: BIANCHI LUCA | D17: 46054 | E17: 16 | F17: 46069 | G17: Info | H17: I05_NON_SVOLTO | I17: Prestazione non svolta | J17: Entrata effettiva | K17: Giorno 16: prestazione programmata non svolta (orario programmato 08:00–11:00) – nota «PONTE DI CARNEVALE». | L17: PONTE DI CARNEVALE
A18: 13 | B18: ROSSI MARIO | C18: BIANCHI LUCA | D18: 46054 | E18: 17 | F18: 46070 | G18: Info | H18: I05_NON_SVOLTO | I18: Prestazione non svolta | J18: Entrata effettiva | K18: Giorno 17: prestazione programmata non svolta (orario programmato 08:00–11:00) – nota «PONTE DI CARNEVALE». | L18: PONTE DI CARNEVALE
A19: 14 | B19: ROSSI MARIO | C19: BIANCHI LUCA | D19: 46054 | E19: 18 | F19: 46071 | G19: Attenzione | H19: W04_CAMPO_INCERTO | I19: Lettura incerta | J19: Tot. ore effettive | K19: Giorno 18: lettura incerta del campo «Tot. ore effettive» (valore letto: 3); verificare sulla scansione. | L19: 3
A20: 15 | B20: ROSSI MARIO | C20: BIANCHI LUCA | D20: 46082 | G20: Errore | H20: E02_TOTALE_MENSILE_DIVERSO | I20: Totale mensile diverso dalla somma | J20: Totale ore effettive mensili | K20: Totale mensile dichiarato 64 ore, somma dei giorni 64,5 ore (differenza 0,5). | L20: 64 | M20: 64.5
A21: 16 | B21: ROSSI MARIO | C21: BIANCHI LUCA | D21: 46082 | E21: 11 | F21: 46092 | G21: Errore | H21: E01_ORE_NON_COERENTI | I21: Ore non coerenti con l'orario | J21: Tot. ore effettive | K21: Giorno 11: dichiarate 3 ore ma l'orario effettivo 08:00–10:30 corrisponde a 2,5 ore. | L21: 3 | M21: 2.5
A22: 17 | B22: ROSSI MARIO | C22: BIANCHI LUCA | D22: 46082 | E22: 11 | F22: 46092 | G22: Info | H22: I03_ORARIO_DIVERSO | I22: Orario diverso dal programmato | J22: Uscita effettiva | K22: Giorno 11: orario effettivo 08:00–10:30 diverso dal programmato 08:00–11:00. | L22: 08:00–10:30 | M22: 08:00–11:00
A23: 18 | B23: ROSSI MARIO | C23: BIANCHI LUCA | D23: 46082 | E23: 19 | F23: 46100 | G23: Info | H23: I01_ASSENZA_ALUNNO | I23: Assenza alunno | J23: Assenza alunno | K23: Giorno 19: assenza dell'alunno; riconosciute 1,5 ore su 3 programmate (50%). | L23: 1.5 | M23: 3
A24: 19 | B24: ROSSI MARIO | C24: BIANCHI LUCA | D24: 46082 | E24: 23 | F24: 46104 | G24: Attenzione | H24: W04_CAMPO_INCERTO | I24: Lettura incerta | J24: Uscita programmata | K24: Giorno 23: lettura incerta del campo «Uscita programmata» (valore letto: 11:00); verificare sulla scansione. | L24: 0.45833333
A25: 20 | B25: ROSSI MARIO | C25: BIANCHI LUCA | D25: 46082 | E25: 25 | F25: 46106 | G25: Attenzione | H25: W01_FIRMA_MANCANTE | I25: Firma operatore mancante | J25: Firma operatore | K25: Giorno 25: manca la firma dell'operatore (orario 08:00–11:00, 3 ore dichiarate). | L25: assente

Sheet Totali per operatore
A1: Totali per operatore, alunno e istituto
A2: Febbraio – Marzo 2026 · ore e giornate calcolate con formule (SOMMA.PIÙ.SE, CONTA.SE) sul foglio «Riepilogo»
A5: Ore per operatore
A6: Operatore | B6: Fogli | C6: Ore febbraio 2026 | D6: Ore marzo 2026 | E6: Totale ore riconosciute | F6: Ore programmate | G6: % ore su programmate | H6: Giorni lavorati | I6: Assenze alunno | J6: Assenze operatore | K6: Alunni seguiti
A7: DE LUCA GIOVANNA | B7: =COUNTIF('Riepilogo'!$B$12:$B$15,"="&SUBSTITUTE(SUBSTITUTE(SUBSTITUTE($A$7,"~","~~"),"*","~*"),"?","~?")) -> 1 | C7: =SUMIFS('Riepilogo'!$J$12:$J$15,'Riepilogo'!$B$12:$B$15,"="&SUBSTITUTE(SUBSTITUTE(SUBSTITUTE($A$7,"~","~~"),"*","~*"),"?","~?"),'Riepilogo'!$E$12:$E$15,DATE(2026,2,1)) -> 0 | D7: =SUMIFS('Riepilogo'!$J$12:$J$15,'Riepilogo'!$B$12:$B$15,"="&SUBSTITUTE(SUBSTITUTE(SUBSTITUTE($A$7,"~","~~"),"*","~*"),"?","~?"),'Riepilogo'!$E$12:$E$15,DATE(2026,3,1)) -> 46.25 | E7: =SUMIFS('Riepilogo'!$J$12:$J$15,'Riepilogo'!$B$12:$B$15,"="&SUBSTITUTE(SUBSTITUTE(SUBSTITUTE($A$7,"~","~~"),"*","~*"),"?","~?")) -> 46.25 | F7: =SUMIFS('Riepilogo'!$G$12:$G$15,'Riepilogo'!$B$12:$B$15,"="&SUBSTITUTE(SUBSTITUTE(SUBSTITUTE($A$7,"~","~~"),"*","~*"),"?","~?")) -> 44 | G7: =IF(F7>0,E7/F7,"") -> 1.0511364 | H7: =SUMIFS('Riepilogo'!$M$12:$M$15,'Riepilogo'!$B$12:$B$15,"="&SUBSTITUTE(SUBSTITUTE(SUBSTITUTE($A$7,"~","~~"),"*","~*"),"?","~?")) -> 23 | I7: =SUMIFS('Riepilogo'!$N$12:$N$15,'Riepilogo'!$B$12:$B$15,"="&SUBSTITUTE(SUBSTITUTE(SUBSTITUTE($A$7,"~","~~"),"*","~*"),"?","~?")) -> 0 | J7: =SUMIFS('Riepilogo'!$O$12:$O$15,'Riepilogo'!$B$12:$B$15,"="&SUBSTITUTE(SUBSTITUTE(SUBSTITUTE($A$7,"~","~~"),"*","~*"),"?","~?")) -> 0 | K7: NERI MATTEO
A8: ESPOSITO ANNA | B8: =COUNTIF('Riepilogo'!$B$12:$B$15,"="&SUBSTITUTE(SUBSTITUTE(SUBSTITUTE($A$8,"~","~~"),"*","~*"),"?","~?")) -> 1 | C8: =SUMIFS('Riepilogo'!$J$12:$J$15,'Riepilogo'!$B$12:$B$15,"="&SUBSTITUTE(SUBSTITUTE(SUBSTITUTE($A$8,"~","~~"),"*","~*"),"?","~?"),'Riepilogo'!$E$12:$E$15,DATE(2026,2,1)) -> 45 | D8: =SUMIFS('Riepilogo'!$J$12:$J$15,'Riepilogo'!$B$12:$B$15,"="&SUBSTITUTE(SUBSTITUTE(SUBSTITUTE($A$8,"~","~~"),"*","~*"),"?","~?"),'Riepilogo'!$E$12:$E$15,DATE(2026,3,1)) -> 0 | E8: =SUMIFS('Riepilogo'!$J$12:$J$15,'Riepilogo'!$B$12:$B$15,"="&SUBSTITUTE(SUBSTITUTE(SUBSTITUTE($A$8,"~","~~"),"*","~*"),"?","~?")) -> 45 | F8: =SUMIFS('Riepilogo'!$G$12:$G$15,'Riepilogo'!$B$12:$B$15,"="&SUBSTITUTE(SUBSTITUTE(SUBSTITUTE($A$8,"~","~~"),"*","~*"),"?","~?")) -> 48 | G8: =IF(F8>0,E8/F8,"") -> 0.9375 | H8: =SUMIFS('Riepilogo'!$M$12:$M$15,'Riepilogo'!$B$12:$B$15,"="&SUBSTITUTE(SUBSTITUTE(SUBSTITUTE($A$8,"~","~~"),"*","~*"),"?","~?")) -> 15 | I8: =SUMIFS('Riepilogo'!$N$12:$N$15,'Riepilogo'!$B$12:$B$15,"="&SUBSTITUTE(SUBSTITUTE(SUBSTITUTE($A$8,"~","~~"),"*","~*"),"?","~?")) -> 0 | J8: =SUMIFS('Riepilogo'!$O$12:$O$15,'Riepilogo'!$B$12:$B$15,"="&SUBSTITUTE(SUBSTITUTE(SUBSTITUTE($A$8,"~","~~"),"*","~*"),"?","~?")) -> 1 | K8: VERDI SOFIA
A9: ROSSI MARIO | B9: =COUNTIF('Riepilogo'!$B$12:$B$15,"="&SUBSTITUTE(SUBSTITUTE(SUBSTITUTE($A$9,"~","~~"),"*","~*"),"?","~?")) -> 2 | C9: =SUMIFS('Riepilogo'!$J$12:$J$15,'Riepilogo'!$B$12:$B$15,"="&SUBSTITUTE(SUBSTITUTE(SUBSTITUTE($A$9,"~","~~"),"*","~*"),"?","~?"),'Riepilogo'!$E$12:$E$15,DATE(2026,2,1)) -> 52.5 | D9: =SUMIFS('Riepilogo'!$J$12:$J$15,'Riepilogo'!$B$12:$B$15,"="&SUBSTITUTE(SUBSTITUTE(SUBSTITUTE($A$9,"~","~~"),"*","~*"),"?","~?"),'Riepilogo'!$E$12:$E$15,DATE(2026,3,1)) -> 64.5 | E9: =SUMIFS('Riepilogo'!$J$12:$J$15,'Riepilogo'!$B$12:$B$15,"="&SUBSTITUTE(SUBSTITUTE(SUBSTITUTE($A$9,"~","~~"),"*","~*"),"?","~?")) -> 117 | F9: =SUMIFS('Riepilogo'!$G$12:$G$15,'Riepilogo'!$B$12:$B$15,"="&SUBSTITUTE(SUBSTITUTE(SUBSTITUTE($A$9,"~","~~"),"*","~*"),"?","~?")) -> 126 | G9: =IF(F9>0,E9/F9,"") -> 0.92857143 | H9: =SUMIFS('Riepilogo'!$M$12:$M$15,'Riepilogo'!$B$12:$B$15,"="&SUBSTITUTE(SUBSTITUTE(SUBSTITUTE($A$9,"~","~~"),"*","~*"),"?","~?")) -> 40 | I9: =SUMIFS('Riepilogo'!$N$12:$N$15,'Riepilogo'!$B$12:$B$15,"="&SUBSTITUTE(SUBSTITUTE(SUBSTITUTE($A$9,"~","~~"),"*","~*"),"?","~?")) -> 2 | J9: =SUMIFS('Riepilogo'!$O$12:$O$15,'Riepilogo'!$B$12:$B$15,"="&SUBSTITUTE(SUBSTITUTE(SUBSTITUTE($A$9,"~","~~"),"*","~*"),"?","~?")) -> 0 | K9: BIANCHI LUCA
A10: Totale | B10: =SUM(B7:B9) -> 4 | C10: =SUM(C7:C9) -> 97.5 | D10: =SUM(D7:D9) -> 110.75 | E10: =SUM(E7:E9) -> 208.25 | F10: =SUM(F7:F9) -> 218 | G10: =IF(F10>0,E10/F10,"") -> 0.95527523 | H10: =SUM(H7:H9) -> 78 | I10: =SUM(I7:I9) -> 2 | J10: =SUM(J7:J9) -> 1
A12: Ore per alunno
A13: Alunno | B13: Fogli | C13: Ore febbraio 2026 | D13: Ore marzo 2026 | E13: Totale ore riconosciute | F13: Ore programmate | G13: % ore su programmate | H13: Giorni lavorati | I13: Assenze alunno | J13: Assenze operatore | K13: Operatori
A14: BIANCHI LUCA | B14: =COUNTIF('Riepilogo'!$C$12:$C$15,"="&SUBSTITUTE(SUBSTITUTE(SUBSTITUTE($A$14,"~","~~"),"*","~*"),"?","~?")) -> 2 | C14: =SUMIFS('Riepilogo'!$J$12:$J$15,'Riepilogo'!$C$12:$C$15,"="&SUBSTITUTE(SUBSTITUTE(SUBSTITUTE($A$14,"~","~~"),"*","~*"),"?","~?"),'Riepilogo'!$E$12:$E$15,DATE(2026,2,1)) -> 52.5 | D14: =SUMIFS('Riepilogo'!$J$12:$J$15,'Riepilogo'!$C$12:$C$15,"="&SUBSTITUTE(SUBSTITUTE(SUBSTITUTE($A$14,"~","~~"),"*","~*"),"?","~?"),'Riepilogo'!$E$12:$E$15,DATE(2026,3,1)) -> 64.5 | E14: =SUMIFS('Riepilogo'!$J$12:$J$15,'Riepilogo'!$C$12:$C$15,"="&SUBSTITUTE(SUBSTITUTE(SUBSTITUTE($A$14,"~","~~"),"*","~*"),"?","~?")) -> 117 | F14: =SUMIFS('Riepilogo'!$G$12:$G$15,'Riepilogo'!$C$12:$C$15,"="&SUBSTITUTE(SUBSTITUTE(SUBSTITUTE($A$14,"~","~~"),"*","~*"),"?","~?")) -> 126 | G14: =IF(F14>0,E14/F14,"") -> 0.92857143 | H14: =SUMIFS('Riepilogo'!$M$12:$M$15,'Riepilogo'!$C$12:$C$15,"="&SUBSTITUTE(SUBSTITUTE(SUBSTITUTE($A$14,"~","~~"),"*","~*"),"?","~?")) -> 40 | I14: =SUMIFS('Riepilogo'!$N$12:$N$15,'Riepilogo'!$C$12:$C$15,"="&SUBSTITUTE(SUBSTITUTE(SUBSTITUTE($A$14,"~","~~"),"*","~*"),"?","~?")) -> 2 | J14: =SUMIFS('Riepilogo'!$O$12:$O$15,'Riepilogo'!$C$12:$C$15,"="&SUBSTITUTE(SUBSTITUTE(SUBSTITUTE($A$14,"~","~~"),"*","~*"),"?","~?")) -> 0 | K14: ROSSI MARIO
A15: NERI MATTEO | B15: =COUNTIF('Riepilogo'!$C$12:$C$15,"="&SUBSTITUTE(SUBSTITUTE(SUBSTITUTE($A$15,"~","~~"),"*","~*"),"?","~?")) -> 1 | C15: =SUMIFS('Riepilogo'!$J$12:$J$15,'Riepilogo'!$C$12:$C$15,"="&SUBSTITUTE(SUBSTITUTE(SUBSTITUTE($A$15,"~","~~"),"*","~*"),"?","~?"),'Riepilogo'!$E$12:$E$15,DATE(2026,2,1)) -> 0 | D15: =SUMIFS('Riepilogo'!$J$12:$J$15,'Riepilogo'!$C$12:$C$15,"="&SUBSTITUTE(SUBSTITUTE(SUBSTITUTE($A$15,"~","~~"),"*","~*"),"?","~?"),'Riepilogo'!$E$12:$E$15,DATE(2026,3,1)) -> 46.25 | E15: =SUMIFS('Riepilogo'!$J$12:$J$15,'Riepilogo'!$C$12:$C$15,"="&SUBSTITUTE(SUBSTITUTE(SUBSTITUTE($A$15,"~","~~"),"*","~*"),"?","~?")) -> 46.25 | F15: =SUMIFS('Riepilogo'!$G$12:$G$15,'Riepilogo'!$C$12:$C$15,"="&SUBSTITUTE(SUBSTITUTE(SUBSTITUTE($A$15,"~","~~"),"*","~*"),"?","~?")) -> 44 | G15: =IF(F15>0,E15/F15,"") -> 1.0511364 | H15: =SUMIFS('Riepilogo'!$M$12:$M$15,'Riepilogo'!$C$12:$C$15,"="&SUBSTITUTE(SUBSTITUTE(SUBSTITUTE($A$15,"~","~~"),"*","~*"),"?","~?")) -> 23 | I15: =SUMIFS('Riepilogo'!$N$12:$N$15,'Riepilogo'!$C$12:$C$15,"="&SUBSTITUTE(SUBSTITUTE(SUBSTITUTE($A$15,"~","~~"),"*","~*"),"?","~?")) -> 0 | J15: =SUMIFS('Riepilogo'!$O$12:$O$15,'Riepilogo'!$C$12:$C$15,"="&SUBSTITUTE(SUBSTITUTE(SUBSTITUTE($A$15,"~","~~"),"*","~*"),"?","~?")) -> 0 | K15: DE LUCA GIOVANNA
A16: VERDI SOFIA | B16: =COUNTIF('Riepilogo'!$C$12:$C$15,"="&SUBSTITUTE(SUBSTITUTE(SUBSTITUTE($A$16,"~","~~"),"*","~*"),"?","~?")) -> 1 | C16: =SUMIFS('Riepilogo'!$J$12:$J$15,'Riepilogo'!$C$12:$C$15,"="&SUBSTITUTE(SUBSTITUTE(SUBSTITUTE($A$16,"~","~~"),"*","~*"),"?","~?"),'Riepilogo'!$E$12:$E$15,DATE(2026,2,1)) -> 45 | D16: =SUMIFS('Riepilogo'!$J$12:$J$15,'Riepilogo'!$C$12:$C$15,"="&SUBSTITUTE(SUBSTITUTE(SUBSTITUTE($A$16,"~","~~"),"*","~*"),"?","~?"),'Riepilogo'!$E$12:$E$15,DATE(2026,3,1)) -> 0 | E16: =SUMIFS('Riepilogo'!$J$12:$J$15,'Riepilogo'!$C$12:$C$15,"="&SUBSTITUTE(SUBSTITUTE(SUBSTITUTE($A$16,"~","~~"),"*","~*"),"?","~?")) -> 45 | F16: =SUMIFS('Riepilogo'!$G$12:$G$15,'Riepilogo'!$C$12:$C$15,"="&SUBSTITUTE(SUBSTITUTE(SUBSTITUTE($A$16,"~","~~"),"*","~*"),"?","~?")) -> 48 | G16: =IF(F16>0,E16/F16,"") -> 0.9375 | H16: =SUMIFS('Riepilogo'!$M$12:$M$15,'Riepilogo'!$C$12:$C$15,"="&SUBSTITUTE(SUBSTITUTE(SUBSTITUTE($A$16,"~","~~"),"*","~*"),"?","~?")) -> 15 | I16: =SUMIFS('Riepilogo'!$N$12:$N$15,'Riepilogo'!$C$12:$C$15,"="&SUBSTITUTE(SUBSTITUTE(SUBSTITUTE($A$16,"~","~~"),"*","~*"),"?","~?")) -> 0 | J16: =SUMIFS('Riepilogo'!$O$12:$O$15,'Riepilogo'!$C$12:$C$15,"="&SUBSTITUTE(SUBSTITUTE(SUBSTITUTE($A$16,"~","~~"),"*","~*"),"?","~?")) -> 1 | K16: ESPOSITO ANNA
A17: Totale | B17: =SUM(B14:B16) -> 4 | C17: =SUM(C14:C16) -> 97.5 | D17: =SUM(D14:D16) -> 110.75 | E17: =SUM(E14:E16) -> 208.25 | F17: =SUM(F14:F16) -> 218 | G17: =IF(F17>0,E17/F17,"") -> 0.95527523 | H17: =SUM(H14:H16) -> 78 | I17: =SUM(I14:I16) -> 2 | J17: =SUM(J14:J16) -> 1
A19: Ore per istituto
A20: Istituto | B20: Fogli | C20: Ore febbraio 2026 | D20: Ore marzo 2026 | E20: Totale ore riconosciute | F20: Ore programmate | G20: % ore su programmate | H20: Giorni lavorati | I20: Assenze alunno | J20: Assenze operatore | K20: Alunni
A21: IC 12 VITTORIO EMANUELE | B21: =COUNTIF('Riepilogo'!$D$12:$D$15,"="&SUBSTITUTE(SUBSTITUTE(SUBSTITUTE($A$21,"~","~~"),"*","~*"),"?","~?")) -> 3 | C21: =SUMIFS('Riepilogo'!$J$12:$J$15,'Riepilogo'!$D$12:$D$15,"="&SUBSTITUTE(SUBSTITUTE(SUBSTITUTE($A$21,"~","~~"),"*","~*"),"?","~?"),'Riepilogo'!$E$12:$E$15,DATE(2026,2,1)) -> 52.5 | D21: =SUMIFS('Riepilogo'!$J$12:$J$15,'Riepilogo'!$D$12:$D$15,"="&SUBSTITUTE(SUBSTITUTE(SUBSTITUTE($A$21,"~","~~"),"*","~*"),"?","~?"),'Riepilogo'!$E$12:$E$15,DATE(2026,3,1)) -> 110.75 | E21: =SUMIFS('Riepilogo'!$J$12:$J$15,'Riepilogo'!$D$12:$D$15,"="&SUBSTITUTE(SUBSTITUTE(SUBSTITUTE($A$21,"~","~~"),"*","~*"),"?","~?")) -> 163.25 | F21: =SUMIFS('Riepilogo'!$G$12:$G$15,'Riepilogo'!$D$12:$D$15,"="&SUBSTITUTE(SUBSTITUTE(SUBSTITUTE($A$21,"~","~~"),"*","~*"),"?","~?")) -> 170 | G21: =IF(F21>0,E21/F21,"") -> 0.96029412 | H21: =SUMIFS('Riepilogo'!$M$12:$M$15,'Riepilogo'!$D$12:$D$15,"="&SUBSTITUTE(SUBSTITUTE(SUBSTITUTE($A$21,"~","~~"),"*","~*"),"?","~?")) -> 63 | I21: =SUMIFS('Riepilogo'!$N$12:$N$15,'Riepilogo'!$D$12:$D$15,"="&SUBSTITUTE(SUBSTITUTE(SUBSTITUTE($A$21,"~","~~"),"*","~*"),"?","~?")) -> 2 | J21: =SUMIFS('Riepilogo'!$O$12:$O$15,'Riepilogo'!$D$12:$D$15,"="&SUBSTITUTE(SUBSTITUTE(SUBSTITUTE($A$21,"~","~~"),"*","~*"),"?","~?")) -> 0 | K21: BIANCHI LUCA, NERI MATTEO
A22: IC 47 SARRIA-MONTI | B22: =COUNTIF('Riepilogo'!$D$12:$D$15,"="&SUBSTITUTE(SUBSTITUTE(SUBSTITUTE($A$22,"~","~~"),"*","~*"),"?","~?")) -> 1 | C22: =SUMIFS('Riepilogo'!$J$12:$J$15,'Riepilogo'!$D$12:$D$15,"="&SUBSTITUTE(SUBSTITUTE(SUBSTITUTE($A$22,"~","~~"),"*","~*"),"?","~?"),'Riepilogo'!$E$12:$E$15,DATE(2026,2,1)) -> 45 | D22: =SUMIFS('Riepilogo'!$J$12:$J$15,'Riepilogo'!$D$12:$D$15,"="&SUBSTITUTE(SUBSTITUTE(SUBSTITUTE($A$22,"~","~~"),"*","~*"),"?","~?"),'Riepilogo'!$E$12:$E$15,DATE(2026,3,1)) -> 0 | E22: =SUMIFS('Riepilogo'!$J$12:$J$15,'Riepilogo'!$D$12:$D$15,"="&SUBSTITUTE(SUBSTITUTE(SUBSTITUTE($A$22,"~","~~"),"*","~*"),"?","~?")) -> 45 | F22: =SUMIFS('Riepilogo'!$G$12:$G$15,'Riepilogo'!$D$12:$D$15,"="&SUBSTITUTE(SUBSTITUTE(SUBSTITUTE($A$22,"~","~~"),"*","~*"),"?","~?")) -> 48 | G22: =IF(F22>0,E22/F22,"") -> 0.9375 | H22: =SUMIFS('Riepilogo'!$M$12:$M$15,'Riepilogo'!$D$12:$D$15,"="&SUBSTITUTE(SUBSTITUTE(SUBSTITUTE($A$22,"~","~~"),"*","~*"),"?","~?")) -> 15 | I22: =SUMIFS('Riepilogo'!$N$12:$N$15,'Riepilogo'!$D$12:$D$15,"="&SUBSTITUTE(SUBSTITUTE(SUBSTITUTE($A$22,"~","~~"),"*","~*"),"?","~?")) -> 0 | J22: =SUMIFS('Riepilogo'!$O$12:$O$15,'Riepilogo'!$D$12:$D$15,"="&SUBSTITUTE(SUBSTITUTE(SUBSTITUTE($A$22,"~","~~"),"*","~*"),"?","~?")) -> 1 | K22: VERDI SOFIA
A23: Totale | B23: =SUM(B21:B22) -> 4 | C23: =SUM(C21:C22) -> 97.5 | D23: =SUM(D21:D22) -> 110.75 | E23: =SUM(E21:E22) -> 208.25 | F23: =SUM(F21:F22) -> 218 | G23: =IF(F23>0,E23/F23,"") -> 0.95527523 | H23: =SUM(H21:H22) -> 78 | I23: =SUM(I21:I22) -> 2 | J23: =SUM(J21:J22) -> 1
A25: Le ore e le giornate sono sommate dalla tabella del foglio «Riepilogo», collegata alle schede dei fogli firma: correggendo un valore in una scheda questi totali si aggiornano automaticamente. % ore su programmate = ore riconosciute ÷ ore programmate.

Sheet Legenda e note
A1: Legenda e note
A2: Rendicontazione Assistenza Specialistica · Febbraio – Marzo 2026 · Generato il 10/10/2026 alle 17:01
B5: Significato dei colori
B6: ILLEGGIBILE | C6: Campo illeggibile: scritto sul foglio ma non leggibile. Il valore va letto sulla scansione originale e inserito a mano; il commento della cella (triangolino rosso) spiega il problema. Se il campo incide sulle ore è segnalato come errore E05.
B7: 0.33333333 | C7: Lettura incerta: il valore è stato letto ma va verificato sull'originale.
B8: 0.35416667 | C8: Corretto manualmente durante la revisione: il commento riporta il valore letto originariamente dall'OCR.
B9: sab | C9: Sabato, domenica o giorno festivo (festività nazionali e San Gennaro, patrono di Napoli).
B10: 31 | C10: Giorno inesistente nel mese di riferimento (es. 30 febbraio): escluso dai totali.
B11: – | C11: Trattino scritto negli orari effettivi: prestazione non svolta in orario (ad es. per assenza dell'alunno).
B12: OK | C12: Stato OK: nessun rilievo sul foglio firma.
B13: Da verificare | C13: Stato da verificare: segnalazioni di attenzione o campi incerti/illeggibili.
B14: Errori | C14: Stato errori: almeno un controllo non superato (es. ore non coerenti, totale diverso).
B15: Intestazione | C15: Colonne che riportano i dati scritti sul modulo cartaceo.
B16: Intestazione | C16: Colonne calcolate da Sirio OCR con formule Excel.
B18: Regole di calcolo
B19: • | C19: Ore programmate e ore calcolate = (uscita − entrata) × 24, dagli orari programmati ed effettivi; gli orari sono veri valori orari di Excel e le ore sono in formato decimale (1,50 = un'ora e mezza).
B20: • | C20: Ore riconosciute = ore scritte nella colonna «Tot. ore effettive»; se non scritte, ore calcolate dall'orario effettivo; zero in caso di assenza dell'operatore. Con l'assenza dell'alunno sono ammesse ore parziali (es. 1,5 su 3).
B21: • | C21: Differenza giornaliera = ore dichiarate − ore calcolate. Differenze oltre 0,01 ore sono segnalate come errore E01, salvo le ore parziali riconosciute per assenza dell'alunno.
B22: • | C22: Differenza totale = somma delle ore giornaliere dichiarate − «Totale ore effettive mensili» scritto sul foglio (errore E02 se diversa da zero).
B23: • | C23: Settimane da lunedì a domenica, troncate al mese. Le ore PEI attese di ogni settimana sono proporzionate ai giorni scolastici compresi (lunedì–venerdì non festivi, più il sabato se nel foglio risultano attività di sabato); il superamento del limite settimanale del PEI è segnalato con W06.
B24: • | C24: Giorni lavorati = giornate con ore riconosciute maggiori di zero.
B25: • | C25: Stato, esiti e anomalie riflettono i controlli eseguiti da Sirio OCR al momento della generazione del file.
B26: • | C26: Le colonne calcolate e i totali sono formule: correggendo un valore nella scheda di un foglio firma si aggiornano i totali della scheda, il «Riepilogo» e i «Totali per operatore». Il «Dettaglio giornaliero» riporta invece i valori al momento della generazione del file: le correzioni vanno fatte nelle schede.
B28: Controlli eseguiti
B29: Codice | C29: Controllo | E29: Gravità | F29: Descrizione
B30: E01 | C30: Ore non coerenti con l'orario | E30: Errore | F30: Le ore dichiarate non corrispondono alla differenza tra uscita ed entrata effettive.
B31: E02 | C31: Totale mensile diverso dalla somma | E31: Errore | F31: Il totale mensile dichiarato non corrisponde alla somma delle ore giornaliere.
B32: E03 | C32: Orario non valido | E32: Errore | F32: Orario non interpretabile o incompleto, oppure uscita non successiva all'entrata.
B33: E04 | C33: Giorno inesistente nel mese | E33: Errore | F33: Dati scritti in un giorno che non esiste nel mese di riferimento (es. 30 febbraio).
B34: E05 | C34: Campo illeggibile | E34: Errore * | F34: Campo scritto ma non leggibile: errore se incide sulle ore (orari, ore, totale), altrimenti attenzione.
B35: E06 | C35: Non è un foglio firma | E35: Errore | F35: La pagina non è stata riconosciuta come foglio firma dell'Assistenza Specialistica.
B36: W01 | C36: Firma operatore mancante | E36: Attenzione | F36: Ore o orari effettivi presenti senza la firma dell'operatore.
B37: W02 | C37: Ore senza orario effettivo | E37: Attenzione | F37: Ore dichiarate senza orario effettivo di entrata e uscita e senza assenza dell'alunno.
B38: W03 | C38: Prestazione in giorno non lavorativo | E38: Attenzione * | F38: Prestazione registrata di domenica o in un giorno festivo (attenzione) oppure di sabato (informazione).
B39: W04 | C39: Lettura incerta | E39: Attenzione | F39: Valore letto con incertezza: verificarlo sulla scansione.
B40: W05 | C40: Assenza operatore con ore | E40: Attenzione | F40: Segnalata l'assenza dell'operatore ma sono presenti ore o orari effettivi.
... B53: I05 | C53: Prestazione non svolta | E53: Info | F53: Prestazione programmata non svolta (nessun orario effettivo, nessuna ora, nessuna assenza).
B54: * La gravità dipende dal caso, come indicato nella descrizione.
B56: Lettura OCR e generazione del file
B57: Claude Vision (Anthropic) – modello claude-opus-5-5 | E57: 3 fogli firma · affidabilità media 94%
B58: Claude Vision (Anthropic) – modello claude-sonnet-5-5 | E58: 1 foglio firma · affidabilità media 89%
B59: Data e ora di generazione | E59: 10/10/2026 17:01
B60: Programma | E60: Sirio OCR 1.0.0
B61: Periodo di riferimento | E61: Febbraio – Marzo 2026
B62: Fogli firma inclusi | E62: 4
B63: Giorni senza dati nel dettaglio | E63: esclusi
B65: Documenti non inclusi (2)
B66: File di origine | E66: Pagina | F66: Motivo dell'esclusione
B67: lettera_trasmissione.pdf | E67: 1 | F67: Scartato: la pagina non è un foglio firma
B68: scansione_aprile.pdf | E68: 1 | F68: Elaborazione non riuscita: Connessione al servizio OCR non riuscita.
B70: ‹ Torna al Riepilogo
